ponto;intact_rock_strength;weathering;discontinuity_spacing;discontinuity_persistence;discontinuity_aperture;presence_of_water;rmr_class
1510;5;5;3;3;5;1;class_II
1511;5;5;3;3;5;1;class_II
1512;5;5;5;4;3;1;class_I
1513;0;1;5;1;1;1;class_III
1514;0;1;5;1;1;1;class_III
1515;0;1;3;4;2;1;class_III
1516;0;1;4;4;2;1;class_III
1517;0;2;4;4;2;1;class_III
1518;0;1;4;5;3;1;class_II
1519;0;1;4;4;2;1;class_III
1520;5;5;4;3;2;1;class_II
1521;5;5;4;3;2;1;class_II
1522;5;5;4;3;2;1;class_II
1523;5;5;4;3;2;1;class_II
1524;1;1;3;2;3;1;class_III
1525;0;1;5;1;1;1;class_III
1526;0;1;5;1;1;1;class_III
1527;0;1;5;1;1;1;class_III
1528;0;1;5;1;1;1;class_III
1529;0;1;3;4;2;1;class_III
1530;0;1;4;2;2;1;class_III
1531;0;1;5;4;2;1;class_III
1532;0;1;5;1;2;1;class_III
1533;0;1;3;3;3;1;class_III
1534;0;1;5;4;2;1;class_III
1535;0;1;4;3;2;1;class_III
1536;1;2;4;3;5;1;class_II
1537;1;2;4;2;2;1;class_III
1538;1;2;5;2;1;1;class_II
1539;1;2;4;2;2;1;class_III
1540;1;2;2;1;5;1;class_III
1541;1;2;5;4;3;1;class_II
1542;1;2;5;1;2;1;class_III
1543;1;2;5;3;2;1;class_III
1544;1;2;5;3;5;1;class_II
1545;1;2;5;3;2;1;class_III
1546;1;2;3;4;5;1;class_II
1547;1;2;2;5;1;1;class_IV
1548;1;2;3;3;2;1;class_III
1549;1;2;3;4;2;1;class_III
1550;1;2;5;3;1;1;class_II
1551;3;3;2;3;1;1;class_III
1552;3;3;3;3;1;1;class_III
1553;3;3;4;4;1;1;class_III
1554;3;3;3;3;1;1;class_III
1555;3;3;4;3;2;1;class_III
1556;3;3;4;1;1;1;class_III
1557;3;3;4;1;1;1;class_III
1558;3;3;4;4;3;1;class_II
1559;2;2;5;1;1;1;class_III
1560;2;2;4;2;1;1;class_III
1561;2;2;3;2;1;1;class_III
1562;2;2;2;3;1;1;class_III
1563;2;2;3;1;2;1;class_III
1564;2;2;4;3;1;1;class_III
1565;2;2;2;5;2;1;class_III
1566;0;1;3;5;4;1;class_III
1567;0;1;2;1;4;1;class_III
1568;0;1;4;3;2;1;class_III
1569;0;1;4;3;4;1;class_III
1570;0;1;4;3;2;1;class_III
1571;0;1;4;4;2;1;class_III
1572;0;1;4;3;2;1;class_III
1573;1;2;5;4;4;1;class_II
1574;1;2;4;5;2;1;class_II
1575;1;2;3;3;1;1;class_III
1576;1;2;5;4;2;1;class_II
1577;1;2;4;5;3;1;class_II
1578;0;1;5;2;1;1;class_III
1579;0;1;5;4;1;1;class_III
1580;0;1;3;3;2;1;class_III
1581;0;1;3;3;2;1;class_III
1582;0;1;3;3;2;1;class_III
1583;0;1;5;1;1;1;class_III
1584;0;1;4;3;1;1;class_III
1585;0;1;5;1;1;1;class_III
1586;0;1;5;1;2;1;class_III
1587;0;1;3;4;5;1;class_II
1588;0;1;2;2;5;1;class_III
1589;0;1;3;5;5;1;class_II
1590;0;1;3;3;2;1;class_III
1591;0;1;3;4;2;1;class_III
1592;0;1;4;4;2;1;class_III
1593;0;1;4;4;2;1;class_III
1594;0;1;4;4;2;1;class_III
1595;0;1;4;3;2;1;class_III
1596;0;1;4;3;2;1;class_III
1597;0;1;4;3;2;1;class_III
1598;0;1;4;3;2;1;class_III
1599;0;1;4;3;2;1;class_III
1600;0;1;4;3;2;1;class_III
1601;0;1;2;1;2;1;class_III
1602;0;1;2;1;3;1;class_III
1603;0;1;3;1;3;1;class_III
1604;0;1;4;3;2;1;class_III
1605;0;1;4;4;2;1;class_III
1606;0;1;2;1;3;1;class_III
1607;0;1;2;1;3;1;class_III
1608;0;1;2;1;3;1;class_III
1609;0;1;2;1;3;1;class_III
1610;0;1;4;4;2;1;class_III
1611;0;1;3;3;2;1;class_III
1612;0;1;4;4;2;1;class_III
1613;0;1;4;3;2;1;class_III
1614;0;1;4;3;2;1;class_III
1615;0;1;5;2;1;1;class_III
1616;0;1;4;3;2;1;class_III
1617;0;1;4;5;4;1;class_II
1618;0;1;4;5;4;1;class_II
1619;0;1;4;3;2;1;class_III
1620;0;1;4;4;3;1;class_III
1621;0;1;4;4;3;1;class_III
1622;2;4;2;1;2;1;class_III
1623;2;4;2;1;2;1;class_III
1624;2;4;2;3;3;1;class_III
1625;2;4;2;3;3;1;class_III
1626;2;4;2;1;3;1;class_III
1627;2;4;2;1;3;1;class_III
1628;3;4;3;1;3;1;class_III
1629;3;4;3;1;3;1;class_III
1630;3;4;3;3;1;1;class_III
1631;3;4;3;3;1;1;class_III
1632;3;4;3;1;2;1;class_III
1633;3;4;3;1;2;1;class_III
1634;2;3;1;1;3;1;class_III
1635;2;3;1;1;3;1;class_III
1636;2;3;4;1;3;1;class_II
1637;2;3;4;1;3;1;class_II
1638;2;3;1;1;1;1;class_III
1639;3;4;1;1;2;1;class_III
1640;3;4;1;1;2;1;class_III
1641;3;4;4;1;1;1;class_III
1642;1;3;2;1;5;1;class_III
1643;1;3;2;1;5;1;class_III
1644;1;3;3;1;5;1;class_III
1645;1;3;3;1;5;1;class_III
1646;1;3;4;3;5;1;class_II
1647;1;3;4;3;5;1;class_II
1648;1;3;2;1;3;1;class_III
1649;1;3;2;1;3;1;class_III
1650;1;3;3;1;5;1;class_III
1651;1;3;3;1;5;1;class_III
1652;1;3;4;3;5;1;class_II
1653;1;3;4;4;5;1;class_II
1654;5;5;2;1;5;1;class_II
1655;5;5;2;1;5;1;class_II
1656;5;5;2;1;3;1;class_III
1657;5;5;2;1;3;1;class_III
1658;5;5;1;3;3;1;class_III
1659;5;5;1;3;3;1;class_III
1660;5;5;3;1;3;1;class_III
1661;5;5;3;1;3;1;class_III
1662;5;5;2;1;3;1;class_III
1663;5;5;2;1;3;1;class_III
1664;5;5;3;3;2;1;class_III
1665;5;5;3;3;2;1;class_III
1666;2;4;3;1;3;1;class_III
1667;2;4;3;1;3;1;class_III
1670;2;4;3;1;2;1;class_II
1671;2;4;3;1;2;1;class_II
1672;2;4;4;3;3;1;class_II
1673;2;4;4;3;3;1;class_II
1683;3;3;3;1;3;1;class_III
1684;3;3;3;1;3;1;class_III
1685;3;3;4;1;5;1;class_II
1686;3;3;4;1;5;1;class_II
1687;3;3;3;3;5;1;class_II
1688;3;3;3;3;5;1;class_II
1689;3;3;3;1;5;1;class_III
1690;3;3;3;1;5;1;class_III
1691;3;3;2;2;5;1;class_III
1692;3;3;2;2;5;1;class_III
1693;3;3;4;3;5;1;class_II
1694;3;3;4;3;5;1;class_II
1695;3;3;3;1;3;1;class_III
1696;3;3;3;1;3;1;class_III
1698;3;3;4;3;2;1;class_II
1699;3;3;4;3;2;1;class_II
1700;3;3;3;1;3;1;class_III
1701;3;3;3;1;3;1;class_III
1702;3;3;4;2;5;1;class_II
1703;3;3;4;2;5;1;class_II
1704;3;3;3;2;3;1;class_III
1705;3;3;3;2;3;1;class_III
1706;3;3;3;1;5;1;class_III
1707;3;3;3;1;5;1;class_III
1708;3;3;3;1;3;1;class_III
1709;3;3;3;1;3;1;class_III
1710;3;3;4;3;3;1;class_II
1711;3;3;4;3;3;1;class_II
1712;4;5;3;1;5;1;class_II
1713;4;5;3;1;5;1;class_II
1714;4;5;4;1;3;1;class_II
1715;4;5;4;1;3;1;class_II
1716;4;5;4;3;1;1;class_II
1717;4;5;4;3;1;1;class_II
1718;3;4;4;1;5;1;class_II
1719;3;4;4;1;5;1;class_II
1720;3;4;3;1;3;1;class_III
1721;3;4;3;1;3;1;class_III
1722;3;4;5;3;5;1;class_II
1723;3;4;5;3;5;1;class_II
1724;3;4;4;1;5;1;class_II
1725;3;4;4;1;5;1;class_II
1726;3;4;4;1;2;1;class_III
1727;3;4;4;1;2;1;class_III
1728;3;4;5;2;1;1;class_II
1729;3;4;5;2;1;1;class_II
1730;3;4;5;3;1;1;class_II
1731;3;4;5;3;1;1;class_II
1734;3;3;2;1;3;1;class_III
1735;3;3;2;1;3;1;class_III
1736;3;3;3;1;2;1;class_III
1737;3;3;3;1;2;1;class_III
1738;3;3;3;3;3;1;class_III
1739;3;3;3;3;3;1;class_III
1740;3;4;3;1;5;1;class_III
1741;3;4;3;1;5;1;class_III
1742;3;4;3;1;5;1;class_III
1743;3;4;3;1;5;1;class_III
1744;3;4;4;3;5;1;class_II
1745;3;4;4;3;5;1;class_II
1746;3;4;3;1;2;1;class_III
1747;3;4;3;1;2;1;class_III
1748;3;4;3;1;3;1;class_III
1749;3;4;3;1;3;1;class_III
1750;3;4;3;4;3;1;class_II
1751;3;4;3;4;3;1;class_II
1752;2;3;3;1;2;1;class_III
1753;2;3;3;1;2;1;class_III
1754;2;3;2;1;3;1;class_III
1755;2;3;2;1;3;1;class_III
1756;3;4;2;1;3;1;class_II
1757;3;4;2;1;3;1;class_II
1758;3;4;3;1;3;1;class_III
1759;3;4;3;1;3;1;class_III
1760;3;4;2;1;2;1;class_III
1761;3;4;2;1;2;1;class_III
1762;3;4;3;1;3;1;class_III
1763;3;4;3;1;3;1;class_III
1764;3;4;2;3;2;1;class_III
1765;3;4;2;3;2;1;class_III
1766;3;4;2;1;1;1;class_III
1767;3;4;2;1;1;1;class_III
1768;3;4;3;1;3;1;class_III
1769;3;4;3;1;3;1;class_III
1770;3;4;2;4;3;1;class_III
1771;3;4;2;4;3;1;class_III
1772;4;5;4;1;5;1;class_II
1773;4;5;4;1;5;1;class_II
1774;4;5;3;1;2;1;class_III
1775;4;5;3;1;2;1;class_III
1776;4;5;3;3;1;1;class_II
1777;4;5;3;3;1;1;class_II
1778;2;3;3;1;3;1;class_III
1779;2;3;3;1;3;1;class_III
1780;2;3;4;1;1;1;class_III
1781;2;3;4;1;1;1;class_III
1782;4;5;4;1;5;1;class_II
1783;4;5;4;1;5;1;class_II
1784;4;5;3;1;3;1;class_II
1785;4;5;3;1;3;1;class_II
1786;4;5;4;3;3;1;class_II
1787;4;5;4;3;3;1;class_II
1788;3;4;4;1;5;1;class_II
1789;3;4;4;1;5;1;class_II
1790;3;4;4;1;3;1;class_II
1791;3;4;4;1;3;1;class_II
1792;3;4;4;3;1;1;class_II
1793;3;4;4;3;1;1;class_II
1794;3;4;2;1;3;1;class_II
1795;3;4;2;1;3;1;class_II
1796;3;4;3;1;2;1;class_III
1797;3;4;3;1;2;1;class_III
1798;3;4;3;3;5;1;class_II
1799;3;4;3;3;5;1;class_II
1800;3;4;2;1;3;1;class_III
1801;3;4;2;1;3;1;class_III
1802;3;4;3;1;3;1;class_III
1803;3;4;3;1;3;1;class_III
1804;2;4;2;1;2;1;class_III
1805;2;4;2;1;2;1;class_III
1806;2;4;4;1;5;1;class_II
1807;2;4;4;1;5;1;class_II
1808;2;4;3;3;5;1;class_III
1809;2;4;3;3;5;1;class_III
1810;2;4;3;3;5;1;class_III
1811;2;4;3;3;5;1;class_III
1812;2;4;3;1;3;1;class_III
1813;2;4;3;1;3;1;class_III
1814;2;4;3;3;5;1;class_II
1815;2;4;3;3;5;1;class_II
1816;4;5;3;1;2;1;class_II
1817;4;5;3;1;2;1;class_II
1818;4;5;3;3;2;1;class_II
1819;4;5;3;3;2;1;class_II
1820;4;5;4;3;2;1;class_II
1821;4;5;4;3;2;1;class_II
1822;4;5;3;1;1;1;class_III
1823;4;5;3;1;1;1;class_III
1824;4;5;3;2;5;1;class_II
1825;4;5;3;2;5;1;class_II
1826;4;5;4;3;1;1;class_II
1827;4;5;4;3;1;1;class_II
1828;4;5;2;1;2;1;class_III
1829;4;5;2;1;2;1;class_III
1830;4;5;3;2;2;1;class_II
1831;4;5;3;2;2;1;class_II
1832;4;5;3;3;2;1;class_II
1833;4;5;3;3;2;1;class_II
1834;2;4;2;1;2;1;class_III
1835;2;4;2;1;2;1;class_III
1836;2;4;3;3;5;1;class_III
1837;2;4;3;3;5;1;class_III
1838;2;4;3;3;5;1;class_III
1839;2;4;3;3;5;1;class_III
1840;4;5;3;1;2;1;class_II
1841;4;5;3;1;2;1;class_II
1842;4;5;3;1;1;1;class_II
1843;4;5;3;1;1;1;class_II
1844;4;5;4;3;2;1;class_II
1845;4;5;4;3;2;1;class_II
1846;4;5;2;1;3;1;class_II
1847;4;5;2;1;3;1;class_II
1848;4;5;2;1;2;1;class_III
1849;4;5;2;1;2;1;class_III
1850;4;5;4;3;1;1;class_II
1851;4;5;4;3;1;1;class_II
1854;2;3;2;1;4;1;class_III
1855;2;3;2;1;4;1;class_III
1856;6;5;4;1;5;1;class_I
1857;6;5;4;1;5;1;class_I
1858;6;5;4;1;3;1;class_II
1859;6;5;4;1;3;1;class_II
1861;6;5;2;1;2;1;class_II
1862;6;5;2;1;2;1;class_II
1863;6;5;2;1;3;1;class_II
1864;6;5;2;1;3;1;class_II
1865;6;5;4;1;5;1;class_I
1866;4;4;4;1;5;1;class_II
1867;4;4;4;3;1;1;class_II
1868;4;4;4;3;1;1;class_II
1869;4;4;4;3;2;1;class_II
1870;4;4;4;3;2;1;class_II
1871;4;4;4;1;5;1;class_II
1872;4;4;4;1;5;1;class_II
1873;4;4;4;1;2;1;class_II
1874;4;4;4;1;2;1;class_II
1875;4;4;4;2;1;1;class_II
1876;4;4;4;2;1;1;class_II
1877;4;4;4;3;2;1;class_II
1878;4;4;4;3;2;1;class_II
1879;4;4;2;1;3;1;class_II
1880;4;4;2;1;3;1;class_II
1881;4;4;4;1;1;1;class_III
1882;4;4;4;1;1;1;class_III
1883;4;4;3;2;1;1;class_III
1884;4;4;3;2;1;1;class_III
1885;4;4;3;3;1;1;class_III
1886;4;4;3;3;1;1;class_III
1887;4;4;4;1;5;1;class_II
1888;4;4;4;1;5;1;class_II
1889;4;4;4;3;1;1;class_II
1890;4;4;4;3;1;1;class_II
1891;4;4;4;2;5;1;class_II
1892;4;4;4;2;5;1;class_II
1893;2;2;3;1;3;1;class_III
1894;2;2;3;1;3;1;class_III
1907;5;5;4;1;3;1;class_II
1908;5;5;4;1;3;1;class_II
1909;5;5;4;2;3;1;class_II
1910;5;5;4;2;3;1;class_II
1911;5;5;3;1;1;1;class_II
1912;5;5;3;1;1;1;class_II
1913;5;5;4;1;1;1;class_II
1914;5;5;4;1;1;1;class_II
1915;5;5;4;2;3;1;class_II
1916;5;5;4;2;3;1;class_II
1917;5;5;4;1;3;1;class_II
1918;5;5;4;1;3;1;class_II
1919;5;5;4;1;2;1;class_II
1920;5;5;4;1;2;1;class_II
1921;5;5;5;2;2;1;class_II
1922;5;5;5;2;2;1;class_II
1923;5;5;4;1;5;1;class_II
1924;5;5;4;1;5;1;class_II
1925;5;5;3;1;2;1;class_II
1926;5;5;3;1;2;1;class_II
1927;5;5;3;3;1;1;class_II
1928;5;5;3;3;1;1;class_II
1929;2;2;3;1;5;1;class_III
1930;2;2;3;1;5;1;class_III
1931;2;2;3;3;5;1;class_III
1932;2;2;3;3;5;1;class_III
1933;2;2;3;3;5;1;class_III
1934;2;2;3;3;5;1;class_III
1935;3;2;3;1;5;1;class_III
1936;3;2;3;1;5;1;class_III
1937;3;2;2;2;3;1;class_III
1938;3;2;2;2;3;1;class_III
1939;3;2;3;1;5;1;class_III
1940;3;2;3;1;5;1;class_III
1941;3;2;3;2;5;1;class_II
1942;3;2;3;2;5;1;class_II
1943;3;2;4;3;5;1;class_II
1944;3;2;4;3;5;1;class_II
1945;2;2;4;1;5;1;class_II
1946;2;2;4;1;5;1;class_II
1947;2;2;4;3;5;1;class_II
1948;2;2;4;3;5;1;class_II
1949;5;3;4;1;5;1;class_II
1950;5;3;4;1;5;1;class_II
1951;5;3;4;1;5;1;class_II
1952;5;3;4;1;5;1;class_II
1953;6;5;2;1;3;1;class_II
1954;6;5;2;1;3;1;class_II
1955;6;5;3;2;3;1;class_II
1956;6;5;3;2;3;1;class_II
1957;6;5;2;3;3;1;class_II
1958;6;5;2;3;3;1;class_II
1959;6;5;4;3;3;1;class_II
1960;6;5;4;3;3;1;class_II
1961;6;5;4;1;5;1;class_I
1962;6;5;4;1;5;1;class_I
1963;6;5;4;1;5;1;class_I
1964;6;5;4;1;5;1;class_I
1968;6;5;3;1;3;1;class_II
1969;6;5;3;1;3;1;class_II
1970;6;5;3;2;1;1;class_II
1971;6;5;3;2;1;1;class_II
1972;6;5;4;3;1;1;class_II
1973;6;5;4;3;1;1;class_II
1974;6;5;3;1;5;1;class_II
1975;6;5;3;1;5;1;class_II
1976;6;5;4;1;5;1;class_I
1977;6;5;4;1;5;1;class_I
1978;6;5;4;3;1;1;class_II
1979;6;5;4;3;1;1;class_II
1980;6;5;4;3;5;1;class_I
1981;6;5;4;3;5;1;class_I
1982;6;5;2;1;3;1;class_II
1983;6;5;2;1;3;1;class_II
1984;6;5;4;1;2;1;class_II
1985;6;5;4;1;2;1;class_II
1986;6;5;3;3;3;1;class_II
1987;6;5;3;3;3;1;class_II
1988;6;5;5;3;1;1;class_I
1989;6;5;5;3;1;1;class_I
1990;6;5;3;1;5;1;class_II
1991;6;5;3;1;5;1;class_II
1992;6;5;3;2;3;1;class_II
1993;6;5;3;2;3;1;class_II
1994;6;5;3;3;2;1;class_II
1995;6;5;3;3;2;1;class_II
1996;6;5;3;1;2;1;class_II
1997;6;5;3;1;2;1;class_II
1998;6;5;3;2;3;1;class_II
1999;6;5;3;2;3;1;class_II
2000;6;5;3;2;2;1;class_II
2001;6;5;3;2;2;1;class_II
2002;4;5;3;1;2;1;class_II
2003;4;5;3;1;2;1;class_II
2004;4;5;4;1;3;1;class_II
2005;4;5;4;1;3;1;class_II
2006;4;5;4;3;3;1;class_II
2007;4;5;4;3;3;1;class_II
2008;4;5;3;1;2;1;class_II
2009;4;5;3;1;2;1;class_II
2010;4;5;4;1;3;1;class_II
2011;4;5;4;1;3;1;class_II
2012;4;5;4;2;1;1;class_II
2013;4;5;4;3;3;1;class_II
2014;4;5;4;3;3;1;class_II
2015;5;5;3;1;3;1;class_II
2016;5;5;3;1;3;1;class_II
2017;5;5;4;3;1;1;class_II
2018;5;5;4;3;1;1;class_II
2019;5;5;4;3;3;1;class_I
2020;5;5;4;3;3;1;class_I
2021;5;5;3;1;5;1;class_II
2022;5;5;3;1;5;1;class_II
2023;5;5;5;3;1;1;class_II
2024;5;5;5;3;1;1;class_II
2025;5;5;4;2;2;1;class_II
2026;5;5;4;2;2;1;class_II
2027;5;5;3;1;3;1;class_II
2028;5;5;3;1;3;1;class_II
2029;5;5;5;3;1;1;class_II
2030;5;5;5;3;1;1;class_II
2031;5;5;4;2;1;1;class_II
2032;5;5;4;2;1;1;class_II
2033;5;5;3;1;3;1;class_II
2034;5;5;3;1;3;1;class_II
2035;5;5;2;3;1;1;class_II
2036;5;5;2;3;1;1;class_II
2037;5;5;4;1;2;1;class_II
2038;5;5;4;1;2;1;class_II
2039;5;5;3;1;3;1;class_II
2040;5;5;3;1;3;1;class_II
2041;5;5;5;3;1;1;class_II
2042;5;5;5;3;1;1;class_II
2043;5;5;3;1;5;1;class_II
2044;5;5;3;1;5;1;class_II
2047;5;5;2;1;1;1;class_III
2048;5;5;2;1;1;1;class_III
2049;5;5;4;1;3;1;class_II
2050;5;5;4;1;3;1;class_II
2051;5;5;3;1;3;1;class_II
2052;5;5;3;1;3;1;class_II
2053;5;5;4;1;2;1;class_II
2054;5;5;4;1;2;1;class_II
2055;5;5;3;1;2;1;class_II
2056;5;5;3;1;2;1;class_II
2057;5;5;4;3;2;1;class_II
2058;5;5;4;3;2;1;class_II
2059;5;5;3;3;2;1;class_II
2060;5;5;3;3;2;1;class_II
2061;4;5;2;1;2;1;class_III
2062;4;5;2;1;2;1;class_III
2063;4;5;4;1;3;1;class_II
2064;4;5;4;1;3;1;class_II
2065;4;5;3;2;2;1;class_III
2066;4;5;3;2;2;1;class_III
2067;4;5;2;2;2;1;class_III
2068;4;5;2;2;2;1;class_III
2069;4;5;3;2;2;1;class_III
2070;4;5;3;2;2;1;class_III
2073;4;5;2;1;3;1;class_III
2074;4;5;2;1;3;1;class_III
2075;4;5;2;1;3;1;class_III
2076;4;5;2;1;3;1;class_III
2077;4;5;3;1;3;1;class_III
2078;4;5;3;1;3;1;class_III
2079;4;5;4;1;3;1;class_II
2080;4;5;4;1;3;1;class_II
2081;4;5;1;1;2;1;class_III
2082;4;5;1;1;2;1;class_III
2083;4;5;3;3;2;1;class_III
2084;4;5;3;3;2;1;class_III
2085;4;5;2;1;1;1;class_III
2086;4;5;2;1;1;1;class_III
2087;4;5;3;1;1;1;class_III
2088;4;5;3;1;1;1;class_III
2089;5;5;2;1;2;1;class_II
2090;5;5;2;1;2;1;class_II
2091;5;5;4;3;2;1;class_II
2092;5;5;4;3;2;1;class_II
2093;5;5;3;3;5;1;class_II
2094;5;5;3;3;5;1;class_II
2095;5;5;3;1;3;1;class_II
2096;5;5;3;1;3;1;class_II
2097;5;5;4;2;2;1;class_II
2098;5;5;4;2;2;1;class_II
2099;5;5;4;3;1;1;class_I
2100;5;5;4;3;1;1;class_I
2101;4;5;2;1;3;1;class_II
2102;4;5;2;1;3;1;class_II
2103;4;5;3;1;5;1;class_II
2104;4;5;3;1;5;1;class_II
2105;4;5;3;3;5;1;class_II
2106;4;5;3;3;5;1;class_II
2107;5;5;3;1;2;1;class_II
2108;5;5;3;1;2;1;class_II
2109;5;5;4;1;1;1;class_II
2110;5;5;4;1;1;1;class_II
2111;5;5;3;2;2;1;class_II
2112;5;5;3;2;2;1;class_II
2114;6;6;3;1;5;1;class_II
2115;6;6;3;1;5;1;class_II
2116;6;6;2;1;1;1;class_II
2117;6;6;2;1;1;1;class_II
2118;6;6;3;3;5;1;class_II
2119;6;6;3;3;5;1;class_II
2120;6;6;3;1;3;1;class_II
2121;6;6;3;1;3;1;class_II
2122;6;6;3;3;3;1;class_I
2123;6;6;3;3;3;1;class_I
2124;6;6;3;3;5;1;class_II
2125;6;6;3;3;5;1;class_II
2126;4;5;3;1;1;1;class_II
2127;4;5;3;1;1;1;class_II
2128;4;5;4;2;5;1;class_II
2129;4;5;4;2;5;1;class_II
2136;6;6;3;3;3;1;class_II
2137;6;6;3;3;3;1;class_II
2138;3;4;3;1;5;1;class_II
2139;3;4;3;1;5;1;class_II
2140;3;4;3;3;3;1;class_II
2141;3;4;3;3;3;1;class_II
2142;3;4;4;3;1;1;class_II
2143;3;4;4;3;1;1;class_II
2144;3;4;2;1;3;1;class_III
2145;3;4;2;1;3;1;class_III
2146;3;4;3;3;3;1;class_II
2147;3;4;3;3;3;1;class_II
2148;2;3;2;1;1;1;class_III
2149;2;3;2;1;1;1;class_III
2150;2;3;2;1;2;1;class_III
2151;2;3;2;1;2;1;class_III
2152;2;3;4;3;3;1;class_II
2153;2;3;4;3;3;1;class_II
2154;5;5;3;1;1;1;class_II
2155;5;5;3;1;1;1;class_II
2156;5;5;3;1;2;1;class_II
2157;5;5;3;1;2;1;class_II
2158;5;5;4;3;3;1;class_II
2159;5;5;4;3;3;1;class_II
2160;5;5;3;3;1;1;class_II
2161;5;5;3;3;1;1;class_II
2162;2;3;4;1;3;1;class_II
2163;2;3;4;1;3;1;class_II
2164;2;3;3;2;3;1;class_III
2165;2;3;3;2;3;1;class_III
2166;4;5;2;1;1;1;class_III
2167;4;5;2;1;1;1;class_III
2168;4;5;2;3;2;1;class_II
2169;4;5;2;3;2;1;class_II
2170;4;5;3;1;5;1;class_II
2171;4;5;3;1;5;1;class_II
2172;4;5;2;1;3;1;class_II
2173;4;5;2;1;3;1;class_II
2174;4;5;3;1;3;1;class_II
2175;4;5;3;1;3;1;class_II
2176;4;5;2;2;1;1;class_III
2177;4;5;2;2;1;1;class_III
2178;4;5;3;2;2;1;class_II
2179;4;5;3;2;2;1;class_II
2180;5;5;3;1;5;1;class_II
2181;5;5;3;1;5;1;class_II
2182;5;5;3;2;1;1;class_II
2183;5;5;3;2;1;1;class_II
2184;5;5;3;2;2;1;class_II
2185;5;5;3;2;2;1;class_II
2186;5;5;3;1;5;1;class_II
2187;5;5;3;1;5;1;class_II
2188;5;5;3;1;1;1;class_II
2189;5;5;3;1;1;1;class_II
2190;5;5;4;3;3;1;class_I
2191;5;5;4;3;3;1;class_I
2192;5;5;5;2;5;1;class_I
2193;5;5;5;2;5;1;class_I
2194;5;5;4;1;5;1;class_II
2195;5;5;4;1;5;1;class_II
2196;5;5;2;1;5;1;class_II
2197;5;5;2;1;5;1;class_II
2198;5;5;3;2;5;1;class_II
2199;5;5;3;2;5;1;class_II
2200;5;5;2;1;5;1;class_II
2201;5;5;2;1;5;1;class_II
2202;5;5;3;1;5;1;class_II
2203;5;5;3;1;5;1;class_II
2204;5;5;4;3;5;1;class_I
2205;5;5;4;3;5;1;class_I
2206;2;4;3;1;2;1;class_III
2207;2;4;3;1;2;1;class_III
2208;2;4;3;1;5;1;class_II
2209;2;4;3;1;5;1;class_II
2210;2;4;3;1;3;1;class_III
2211;2;4;3;1;3;1;class_III
2212;4;4;2;1;1;1;class_III
2213;4;4;2;1;1;1;class_III
2214;4;4;3;1;3;1;class_II
2215;4;4;3;1;3;1;class_II
2216;4;4;3;1;2;1;class_III
2217;4;4;3;1;2;1;class_III
2218;4;4;3;1;3;1;class_II
2219;4;4;3;1;3;1;class_II
2220;4;4;2;3;3;1;class_II
2221;4;4;2;3;3;1;class_II
2222;4;4;3;1;3;1;class_II
2223;4;4;3;1;3;1;class_II
2224;5;5;3;1;1;1;class_II
2225;5;5;3;1;1;1;class_II
2226;5;5;3;2;1;1;class_II
2227;5;5;3;2;1;1;class_II
2228;5;5;3;3;1;1;class_II
2229;5;5;3;3;1;1;class_II
2230;5;5;2;1;2;1;class_II
2231;5;5;2;1;2;1;class_II
2232;5;5;3;1;2;1;class_II
2233;5;5;3;1;2;1;class_II
2234;5;5;4;2;2;1;class_II
2235;5;5;4;2;2;1;class_II
2236;5;5;3;1;1;1;class_II
2237;5;5;3;1;1;1;class_II
2238;5;5;3;3;3;1;class_II
2239;5;5;3;3;3;1;class_II
2240;5;5;4;3;3;1;class_II
2241;5;5;4;3;3;1;class_II
2243;5;5;3;1;2;1;class_II
2244;5;5;3;1;2;1;class_II
2245;5;5;4;2;3;1;class_II
2246;5;5;4;2;3;1;class_II
2247;5;5;3;1;2;1;class_II
2248;5;5;3;1;2;1;class_II
2249;5;5;3;1;1;1;class_II
2250;5;5;3;1;1;1;class_II
2251;5;5;3;1;3;1;class_II
2252;5;5;3;1;3;1;class_II
2253;5;5;3;1;3;1;class_II
2254;5;5;3;1;3;1;class_II
2255;5;5;4;3;3;1;class_II
2256;5;5;4;3;3;1;class_II
2257;5;5;3;3;1;1;class_II
2258;5;5;3;3;1;1;class_II
2259;5;5;3;1;3;1;class_II
2260;5;5;3;1;3;1;class_II
2261;5;5;3;1;1;1;class_II
2262;5;5;3;1;1;1;class_II
2263;5;5;3;3;5;1;class_II
2264;5;5;3;3;5;1;class_II
2265;6;5;3;3;5;1;class_I
2266;6;5;3;3;5;1;class_I
2267;6;5;3;1;1;1;class_II
2268;6;5;3;1;1;1;class_II
2269;6;5;4;3;3;1;class_I
2270;6;5;4;3;3;1;class_I
2271;6;5;3;1;3;1;class_II
2272;6;5;3;1;3;1;class_II
2273;6;5;3;1;3;1;class_II
2274;6;5;3;1;3;1;class_II
2275;6;5;3;2;3;1;class_II
2276;6;5;3;2;3;1;class_II
2277;6;5;3;1;2;1;class_II
2278;6;5;3;1;2;1;class_II
2279;6;5;4;2;1;1;class_II
2280;6;5;4;2;1;1;class_II
2281;6;5;4;1;1;1;class_II
2282;6;5;4;1;1;1;class_II
2283;6;5;3;1;2;1;class_II
2284;6;5;3;1;2;1;class_II
2285;6;5;5;2;3;1;class_I
2286;6;5;4;3;3;1;class_I
2287;6;5;4;3;3;1;class_I
2288;6;5;3;1;2;1;class_II
2289;6;5;3;1;2;1;class_II
2291;6;5;3;2;3;1;class_II
2292;6;5;3;2;3;1;class_II
2293;6;5;3;3;2;1;class_II
2294;6;5;3;3;2;1;class_II
2295;4;5;2;1;3;1;class_II
2296;4;5;2;1;3;1;class_II
2297;4;5;4;2;3;1;class_II
2298;4;5;4;2;3;1;class_II
2299;4;5;3;2;1;1;class_II
2300;4;5;3;2;1;1;class_II
2301;4;5;4;3;1;1;class_II
2302;4;5;4;3;1;1;class_II
2303;4;5;2;1;3;1;class_II
2304;4;5;2;1;3;1;class_II
2305;4;5;2;2;3;1;class_II
2306;4;5;2;2;3;1;class_II
2307;4;5;3;3;1;1;class_II
2308;4;5;3;3;1;1;class_II
2309;4;5;2;1;1;1;class_III
2310;4;5;2;1;1;1;class_III
2311;4;5;3;2;3;1;class_II
2312;4;5;3;2;3;1;class_II
2313;4;5;3;3;1;1;class_II
2314;4;5;3;3;1;1;class_II
2315;4;5;2;1;1;1;class_III
2316;4;5;2;1;1;1;class_III
2317;4;5;3;2;3;1;class_III
2318;4;5;3;2;3;1;class_III
2319;4;5;4;3;3;1;class_II
2320;4;5;4;3;3;1;class_II
2321;4;5;3;3;2;1;class_II
2322;4;5;3;3;2;1;class_II
2323;4;5;3;1;3;1;class_II
2324;4;5;3;1;3;1;class_II
2325;4;5;3;2;3;1;class_II
2326;4;5;3;2;3;1;class_II
2327;4;5;3;3;2;1;class_II
2328;4;5;3;3;2;1;class_II
2329;4;5;2;1;2;1;class_III
2330;4;5;2;1;2;1;class_III
2331;4;5;3;1;1;1;class_III
2332;4;5;3;1;1;1;class_III
2333;4;5;4;3;2;1;class_II
2334;4;5;4;3;2;1;class_II
2335;6;6;2;1;1;1;class_II
2336;6;6;2;1;1;1;class_II
2337;6;6;3;1;2;1;class_II
2338;6;6;3;1;2;1;class_II
2339;6;6;3;3;1;1;class_II
2340;6;6;3;3;1;1;class_II
2341;5;5;3;1;5;1;class_II
2342;5;5;3;1;5;1;class_II
2343;5;5;3;1;1;1;class_II
2344;5;5;3;1;1;1;class_II
2345;5;5;4;3;2;1;class_II
2346;5;5;4;3;2;1;class_II
2347;2;3;3;1;3;1;class_III
2348;2;3;3;1;3;1;class_III
2349;2;3;4;1;2;1;class_III
2350;2;3;4;1;2;1;class_III
2351;2;3;3;1;3;1;class_III
2352;2;3;3;1;3;1;class_III
2353;2;3;4;1;2;1;class_III
2354;2;3;4;1;2;1;class_III
2355;2;3;3;3;3;1;class_III
2356;2;3;3;3;3;1;class_III
2357;2;3;2;1;2;1;class_III
2358;2;3;2;1;2;1;class_III
2359;2;3;4;1;3;1;class_II
2360;2;3;4;1;3;1;class_II
2361;2;3;3;3;2;1;class_III
2362;2;3;3;3;2;1;class_III
2363;2;3;2;1;1;1;class_III
2364;2;3;2;1;1;1;class_III
2365;2;3;2;1;1;1;class_III
2366;2;3;2;1;1;1;class_III
2367;2;3;2;3;1;1;class_III
2368;2;3;2;3;1;1;class_III
2369;3;3;2;1;3;1;class_III
2370;3;3;2;1;3;1;class_III
2371;3;3;3;2;2;1;class_III
2372;3;3;3;2;2;1;class_III
2373;3;3;4;3;5;1;class_II
2374;3;3;4;3;5;1;class_II
2375;4;5;2;1;2;1;class_II
2376;4;5;2;1;2;1;class_II
2377;4;5;3;1;2;1;class_III
2378;4;5;3;1;2;1;class_III
2379;4;5;4;3;3;1;class_II
2380;4;5;4;3;3;1;class_II
2381;4;5;2;1;3;1;class_II
2382;4;5;2;1;3;1;class_II
2383;4;5;4;3;1;1;class_II
2384;4;5;4;3;1;1;class_II
2385;4;5;4;3;2;1;class_II
2386;4;5;4;3;2;1;class_II
2387;4;5;4;3;3;1;class_II
2388;4;5;4;3;3;1;class_II
2389;3;5;3;1;3;1;class_II
2390;3;5;3;1;3;1;class_II
2391;3;5;3;2;3;1;class_II
2392;3;5;3;2;3;1;class_II
2393;3;5;3;2;3;1;class_II
2394;3;5;3;2;3;1;class_II
2395;3;5;4;3;3;1;class_II
2396;3;5;4;3;3;1;class_II
2397;4;5;3;1;3;1;class_II
2398;4;5;3;1;3;1;class_II
2399;4;5;3;1;1;1;class_III
2400;4;5;3;1;1;1;class_III
2401;4;5;3;1;3;1;class_II
2402;4;5;3;1;3;1;class_II
2403;4;5;4;2;2;1;class_II
2404;4;5;4;2;2;1;class_II
2405;6;6;4;1;3;1;class_II
2406;6;6;4;1;3;1;class_II
2407;6;6;4;2;2;1;class_II
2408;6;6;4;2;2;1;class_II
2409;6;6;5;3;2;1;class_I
2410;6;6;5;3;2;1;class_I
2411;6;6;3;1;3;1;class_II
2412;6;6;3;1;3;1;class_II
2413;6;6;4;1;3;1;class_II
2414;6;6;4;1;3;1;class_II
2415;6;6;5;3;3;1;class_I
2416;6;6;5;3;3;1;class_I
2417;0;2;3;1;3;1;class_III
2418;0;2;4;4;2;1;class_III
2419;0;2;2;3;2;1;class_III
2420;0;2;2;1;3;1;class_III
2421;0;2;2;1;3;1;class_III
2424;0;2;2;1;1;1;class_III
2425;0;2;2;1;1;1;class_III
2426;1;2;2;1;2;1;class_III
2427;1;2;2;1;2;1;class_III
2428;1;2;5;1;3;1;class_III
2429;1;2;5;1;3;1;class_III
2430;1;2;3;2;2;1;class_III
2431;1;2;3;2;2;1;class_III
2432;1;2;3;3;3;1;class_III
2433;1;2;3;3;3;1;class_III
2434;1;2;4;1;2;1;class_III
2435;1;2;4;1;2;1;class_III
2436;1;2;4;3;2;1;class_III
2437;1;2;4;3;2;1;class_III
2438;3;4;4;1;3;1;class_II
2439;3;4;4;1;3;1;class_II
2440;3;4;4;3;2;1;class_II
2441;3;4;4;3;2;1;class_II
2442;2;2;3;1;2;1;class_III
2443;2;2;3;1;2;1;class_III
2444;2;2;3;1;3;1;class_III
2445;2;2;3;1;3;1;class_III
2446;2;2;3;4;2;1;class_III
2447;2;2;3;4;2;1;class_III
2448;1;2;3;1;2;1;class_III
2449;1;2;3;1;2;1;class_III
2450;1;2;3;5;2;1;class_III
2451;1;2;3;5;2;1;class_III
2452;1;2;3;5;2;1;class_III
2453;1;2;3;5;2;1;class_III
2454;4;5;4;1;2;1;class_II
2455;4;5;4;1;2;1;class_II
2456;4;5;4;4;3;1;class_II
2457;4;5;4;4;3;1;class_II
2458;4;5;4;3;2;1;class_II
2459;4;5;4;3;2;1;class_II
2460;3;4;3;1;2;1;class_III
2461;3;4;3;1;2;1;class_III
2462;3;4;5;4;1;1;class_II
2463;3;4;3;4;1;1;class_II
2464;3;4;4;1;1;1;class_II
2465;3;4;4;1;1;1;class_II
2466;3;4;4;4;2;1;class_II
2467;3;4;4;4;2;1;class_II
2468;3;4;4;4;1;1;class_II
2469;3;4;4;4;1;1;class_II
2470;4;5;4;1;1;1;class_II
2471;4;5;4;1;1;1;class_II
2472;4;5;3;3;1;1;class_II
2473;4;5;3;3;1;1;class_II
2474;4;5;4;4;1;1;class_II
2475;4;5;4;4;1;1;class_II
2476;2;2;4;1;3;1;class_III
2477;2;2;4;1;3;1;class_III
2478;2;2;3;4;2;1;class_III
2479;2;2;3;4;2;1;class_III
2480;2;2;4;4;1;1;class_III
2481;2;2;4;4;1;1;class_III
2482;3;3;3;1;5;1;class_II
2483;3;3;3;1;5;1;class_II
2484;3;3;3;1;5;1;class_II
2485;3;3;3;1;5;1;class_II
2486;4;4;3;1;3;1;class_II
2487;4;4;3;1;3;1;class_II
2488;4;4;4;2;2;1;class_II
2489;4;4;4;2;2;1;class_II
2490;4;4;3;5;2;1;class_II
2491;4;4;3;5;2;1;class_II
2492;2;2;3;1;2;1;class_III
2493;2;2;3;1;2;1;class_III
2494;4;4;3;1;1;1;class_III
2495;4;4;3;1;1;1;class_III
2496;4;4;4;3;1;1;class_III
2497;4;4;4;3;1;1;class_III
2498;3;3;3;1;1;1;class_III
2499;3;3;3;1;1;1;class_III
2500;3;3;3;3;1;1;class_III
2501;3;3;3;3;1;1;class_III
2502;3;3;3;1;2;1;class_III
2503;3;3;3;1;2;1;class_III
2504;3;3;3;1;1;1;class_III
2505;3;3;3;1;1;1;class_III
2506;5;5;4;1;1;1;class_II
2507;5;5;4;1;1;1;class_II
2508;5;5;4;4;1;1;class_II
2509;5;5;4;4;1;1;class_II
2510;5;5;4;3;1;1;class_II
2511;5;5;4;3;1;1;class_II
2512;3;3;3;1;1;1;class_III
2513;3;3;4;4;1;1;class_III
2514;2;2;3;1;2;1;class_IV
2515;2;2;3;1;2;1;class_IV
2516;2;2;3;3;1;1;class_IV
2517;2;2;3;3;1;1;class_IV
2518;1;2;3;1;2;1;class_III
2519;1;2;3;1;2;1;class_III
2520;1;2;3;1;1;1;class_IV
2521;1;2;3;1;1;1;class_IV
2522;1;2;2;4;1;1;class_III
2523;1;2;2;4;1;1;class_III
2524;0;1;4;1;1;1;class_IV
2525;0;1;4;1;1;1;class_IV
2526;0;1;4;1;1;1;class_IV
2527;0;1;4;1;1;1;class_IV
2528;0;1;4;1;1;1;class_IV
2529;0;1;4;1;1;1;class_IV
2530;0;1;4;1;1;1;class_IV
2531;0;1;4;1;1;1;class_IV
2532;0;1;4;1;1;1;class_III
2533;0;1;4;1;1;1;class_III
2534;0;1;4;1;1;1;class_III
2535;0;1;4;1;1;1;class_III
2536;0;1;4;3;2;1;class_III
2537;0;1;4;3;2;1;class_III
2538;0;1;4;3;2;1;class_III
2539;0;1;4;3;2;1;class_III
2540;0;1;4;1;2;1;class_III
2541;0;1;4;1;2;1;class_III
2542;0;1;4;3;2;1;class_III
2543;0;1;4;3;2;1;class_III
2545;0;1;5;1;1;1;class_III
2546;0;1;4;4;1;1;class_III
2547;0;1;4;4;1;1;class_III
2548;1;2;4;1;2;1;class_III
2549;1;2;4;1;2;1;class_III
2550;1;2;3;4;2;1;class_III
2551;1;2;3;4;2;1;class_III
2552;1;2;4;3;2;1;class_III
2553;1;2;4;3;2;1;class_III
2554;1;2;5;1;1;1;class_III
2555;1;2;5;1;1;1;class_III
2556;1;2;3;3;1;1;class_III
2557;1;2;3;3;1;1;class_III
2558;1;2;3;1;2;1;class_III
2559;1;2;3;1;2;1;class_III
2560;1;2;3;1;2;1;class_IV
2561;1;2;3;1;2;1;class_IV
2562;1;2;4;3;2;1;class_III
2563;1;2;4;3;2;1;class_III
2564;1;2;4;4;2;1;class_III
2565;1;2;4;1;2;1;class_III
2566;1;2;4;1;2;1;class_III
2567;1;2;4;3;1;1;class_III
2568;1;2;4;3;1;1;class_III
2569;1;2;4;2;1;1;class_III
2570;1;2;4;2;1;1;class_III
2571;1;2;3;1;1;1;class_III
2572;1;2;3;1;1;1;class_III
2573;1;2;4;3;1;1;class_III
2574;1;2;4;3;1;1;class_III
2575;1;2;4;3;1;1;class_III
2576;1;2;4;3;1;1;class_III
2577;1;2;4;1;2;1;class_III
2578;1;2;4;1;2;1;class_III
2579;1;2;3;3;2;1;class_III
2580;1;2;3;3;2;1;class_III
2581;1;2;4;3;2;1;class_III
2582;1;2;4;3;2;1;class_III
2583;1;2;3;1;1;1;class_III
2584;1;2;3;1;1;1;class_III
2585;1;2;4;3;1;1;class_III
2586;1;2;4;3;1;1;class_III
2587;1;2;3;1;2;1;class_III
2588;1;2;3;1;2;1;class_III
2589;1;2;4;3;1;1;class_III
2590;1;2;4;3;1;1;class_III
2591;1;2;4;3;2;1;class_III
2592;1;2;4;3;2;1;class_III
2593;2;2;3;1;2;1;class_III
2594;2;2;3;1;2;1;class_III
2595;2;2;4;3;1;1;class_III
2596;2;2;4;3;1;1;class_III
2597;2;2;4;4;1;1;class_III
2598;2;2;4;4;1;1;class_III
2599;2;2;5;1;1;1;class_III
2600;2;2;5;1;1;1;class_III
2601;2;2;3;1;2;1;class_III
2602;2;2;3;1;2;1;class_III
2603;2;2;4;4;1;1;class_III
2604;2;2;4;4;1;1;class_III
2605;2;2;4;4;1;1;class_III
2606;2;2;4;4;1;1;class_III
2607;2;2;5;1;5;1;class_II
2608;2;2;4;4;3;1;class_II
2609;2;2;4;4;3;1;class_II
2610;2;2;2;1;3;1;class_III
2611;2;2;2;1;3;1;class_III
2612;2;2;2;3;2;1;class_III
2613;2;2;2;3;2;1;class_III
2617;3;4;5;1;2;1;class_III
2618;3;4;2;1;3;1;class_III
2619;3;4;2;1;3;1;class_III
2620;3;4;3;3;1;1;class_III
2621;3;4;3;3;1;1;class_III
2622;3;4;3;4;1;1;class_III
2623;3;4;3;4;1;1;class_III
2624;3;4;2;1;2;1;class_III
2625;3;4;2;1;2;1;class_III
2626;3;4;4;3;2;1;class_III
2627;3;4;4;3;2;1;class_III
2628;3;4;4;4;2;1;class_III
2629;3;4;4;4;2;1;class_III
2630;3;4;3;1;2;1;class_III
2631;3;4;3;1;2;1;class_III
2632;3;4;3;4;1;1;class_III
2633;3;4;3;4;1;1;class_III
2634;3;4;4;4;2;1;class_III
2635;3;4;4;4;2;1;class_III
2636;3;4;3;1;2;1;class_III
2637;3;4;3;1;2;1;class_III
2638;3;4;3;3;2;1;class_III
2639;3;4;3;3;2;1;class_III
2640;3;4;4;4;3;1;class_II
2641;3;4;4;4;3;1;class_II
2642;3;4;3;1;2;1;class_III
2643;3;4;3;1;2;1;class_III
2644;3;4;4;4;1;1;class_III
2645;3;4;4;4;1;1;class_III
2646;3;4;3;4;2;1;class_III
2647;3;4;3;4;2;1;class_III
2648;4;5;3;1;1;1;class_III
2649;4;5;3;1;1;1;class_III
2650;4;5;3;4;2;1;class_III
2651;4;5;3;4;2;1;class_III
2652;4;5;4;4;2;1;class_II
2653;4;5;4;4;2;1;class_II
2654;5;5;4;1;1;1;class_II
2655;5;5;4;1;1;1;class_II
2656;5;5;4;3;2;1;class_II
2657;5;5;4;3;2;1;class_II
2658;5;5;4;4;2;1;class_II
2659;5;5;4;4;2;1;class_II
2660;3;4;3;1;2;1;class_III
2661;3;4;3;1;2;1;class_III
2662;3;4;3;1;2;1;class_III
2663;3;4;3;1;2;1;class_III
2664;3;4;3;4;2;1;class_III
2665;3;4;3;4;2;1;class_III
2666;3;4;3;4;2;1;class_III
2667;3;4;3;4;2;1;class_III
2668;2;2;3;1;2;1;class_III
2669;2;2;3;1;2;1;class_III
2670;2;2;4;4;1;1;class_III
2671;2;2;4;4;1;1;class_III
2672;2;2;3;4;1;1;class_III
2673;2;2;3;4;1;1;class_III
2674;3;3;4;3;1;1;class_II
2675;3;3;4;3;1;1;class_II
2676;3;3;4;4;1;1;class_II
2677;3;3;4;4;1;1;class_II
2678;2;2;3;1;3;1;class_III
2679;2;2;3;1;3;1;class_III
2680;2;2;4;4;1;1;class_III
2681;2;2;4;4;1;1;class_III
2682;2;2;4;5;1;1;class_III
2683;2;2;4;5;1;1;class_III
2684;4;4;3;1;2;1;class_III
2685;4;4;3;1;2;1;class_III
2686;4;4;3;3;2;1;class_III
2687;4;4;3;3;2;1;class_III
2688;4;4;4;4;2;1;class_II
2689;4;4;4;4;2;1;class_II
2690;2;2;3;1;2;1;class_III
2691;2;2;3;1;2;1;class_III
2692;2;2;2;3;2;1;class_III
2693;2;2;2;3;2;1;class_III
2694;1;1;3;2;2;1;class_III
2695;1;1;3;2;2;1;class_III
2696;3;3;2;4;1;1;class_III
2697;3;3;2;4;1;1;class_III
2698;5;5;3;1;2;1;class_II
2699;5;5;3;1;2;1;class_II
2700;5;5;3;1;5;1;class_II
2701;5;5;3;1;5;1;class_II
2702;5;5;5;1;3;1;class_II
2703;5;5;5;1;3;1;class_II
2704;4;5;3;1;2;1;class_II
2705;4;5;3;1;2;1;class_II
2707;4;5;2;1;1;1;class_III
2708;4;5;2;1;1;1;class_III
2709;4;5;3;1;5;1;class_II
2710;4;5;3;1;5;1;class_II
2711;4;5;3;1;1;1;class_III
2712;4;5;3;1;1;1;class_III
2713;4;5;4;1;5;1;class_II
2714;4;5;4;1;5;1;class_II
2715;5;5;3;1;3;1;class_II
2716;5;5;3;1;3;1;class_II
2717;5;5;4;1;1;1;class_II
2718;5;5;4;1;1;1;class_II
2719;6;6;4;1;3;1;class_II
2720;6;6;4;1;3;1;class_II
2721;6;6;4;1;2;1;class_I
2722;6;6;4;1;2;1;class_I
2723;6;6;4;1;5;1;class_I
2724;6;6;4;1;5;1;class_I
2725;5;5;3;1;2;1;class_II
2726;5;5;3;1;2;1;class_II
2727;5;5;3;1;2;1;class_II
2728;5;5;3;1;2;1;class_II
2729;5;5;4;1;5;1;class_I
2730;5;5;4;1;5;1;class_I
2731;5;5;3;1;3;1;class_II
2732;5;5;3;1;3;1;class_II
2733;5;5;3;1;2;1;class_II
2734;5;5;3;1;2;1;class_II
2735;5;2;3;1;3;1;class_II
2736;5;2;3;1;3;1;class_II
2737;5;2;4;1;2;1;class_II
2738;5;2;4;1;2;1;class_II
2739;5;2;4;1;2;1;class_II
2740;5;2;4;1;2;1;class_II
2741;5;5;3;1;3;1;class_II
2742;5;5;3;1;3;1;class_II
2743;5;5;3;2;1;1;class_II
2744;5;5;3;2;1;1;class_II
2745;5;5;4;1;1;1;class_II
2746;5;5;4;1;1;1;class_II
2747;5;5;4;1;1;1;class_II
2748;5;5;4;1;1;1;class_II
2749;5;5;4;1;2;1;class_II
2750;5;5;4;1;2;1;class_II
2751;5;5;4;3;5;1;class_II
2752;5;5;4;3;5;1;class_II
2754;5;5;3;1;2;1;class_II
2755;5;5;3;1;2;1;class_II
2756;5;5;2;2;2;1;class_II
2757;5;5;2;2;2;1;class_II
2758;5;5;4;1;3;1;class_II
2759;5;5;4;1;3;1;class_II
2760;5;5;3;1;2;1;class_II
2761;5;5;3;1;2;1;class_II
2762;5;5;4;1;1;1;class_II
2763;5;5;4;1;1;1;class_II
2766;5;5;4;1;1;1;class_II
2767;5;5;4;1;1;1;class_II
2768;5;5;2;1;2;1;class_II
2769;5;5;2;1;2;1;class_II
2770;5;5;4;2;3;1;class_II
2771;5;5;4;2;3;1;class_II
2772;4;5;2;1;3;1;class_II
2773;4;5;2;1;3;1;class_II
2774;4;5;2;1;1;1;class_II
2775;4;5;2;1;1;1;class_II
2776;4;5;4;2;3;1;class_II
2777;4;5;4;2;3;1;class_II
2778;3;4;4;1;5;1;class_II
2779;3;4;4;1;5;1;class_II
2780;3;4;4;4;5;1;class_II
2781;3;4;4;4;5;1;class_II
2782;3;4;4;4;5;1;class_II
2783;3;4;4;4;5;1;class_II
2784;3;4;4;1;3;1;class_II
2785;3;4;4;1;3;1;class_II
2786;3;4;3;2;1;1;class_II
2787;3;4;3;2;1;1;class_II
2788;3;4;3;1;3;1;class_II
2789;3;4;3;1;3;1;class_II
2790;3;4;3;1;2;1;class_III
2791;3;4;3;1;2;1;class_III
2792;3;4;3;4;3;1;class_II
2793;3;4;3;4;3;1;class_II
2794;2;3;3;1;3;1;class_III
2795;2;3;3;1;3;1;class_III
2796;2;3;3;2;5;1;class_III
2797;2;3;3;2;5;1;class_III
2798;6;5;3;1;1;1;class_II
2799;6;5;3;1;1;1;class_II
2800;6;5;5;3;2;1;class_I
2801;6;5;5;3;2;1;class_I
2802;6;5;3;1;2;1;class_II
2803;6;5;3;1;2;1;class_II
2804;6;5;4;2;2;1;class_II
2805;6;5;4;2;2;1;class_II
2806;6;5;4;3;5;1;class_I
2807;6;5;4;3;5;1;class_I
2808;6;5;4;1;3;1;class_I
2809;6;5;4;1;3;1;class_I
2810;6;5;2;3;3;1;class_II
2811;6;5;2;3;3;1;class_II
2812;6;5;3;4;3;1;class_II
2813;6;5;3;4;3;1;class_II
2814;6;5;4;2;5;1;class_I
2815;6;5;4;2;5;1;class_I
2816;5;5;3;1;2;1;class_II
2817;5;5;3;1;2;1;class_II
2819;6;6;3;3;5;1;class_II
2820;6;6;3;3;5;1;class_II
2821;6;6;3;3;5;1;class_II
2822;6;6;3;3;5;1;class_II
2823;5;5;4;1;3;1;class_II
2824;5;5;4;1;3;1;class_II
2825;5;5;4;4;2;1;class_II
2826;5;5;4;4;2;1;class_II
2827;5;5;2;1;2;1;class_II
2828;5;5;2;1;2;1;class_II
2829;5;5;3;4;3;1;class_II
2830;5;5;3;4;3;1;class_II
2831;5;5;3;3;2;1;class_II
2832;5;5;3;3;2;1;class_II
2833;6;6;4;1;5;1;class_I
2834;6;6;4;1;5;1;class_I
2835;6;6;4;4;5;1;class_I
2836;6;6;4;4;5;1;class_I
2837;6;6;4;2;5;1;class_I
2838;6;6;4;2;5;1;class_I
2839;6;6;4;2;5;1;class_I
2840;6;6;4;2;5;1;class_I
2841;6;6;4;3;5;1;class_I
2842;6;6;4;3;5;1;class_I
2843;6;6;3;3;2;1;class_II
2844;6;6;3;3;2;1;class_II
2845;6;6;3;2;1;1;class_II
2846;6;6;3;2;1;1;class_II
2847;5;5;3;1;2;1;class_II
2848;5;5;3;1;2;1;class_II
2849;5;5;4;2;1;1;class_II
2850;5;5;4;2;1;1;class_II
2851;5;5;4;3;2;1;class_II
2852;5;5;4;3;2;1;class_II
2853;5;5;3;1;2;1;class_II
2854;5;5;3;1;2;1;class_II
2855;5;5;3;3;1;1;class_II
2856;5;5;3;3;1;1;class_II
2857;5;5;2;3;2;1;class_II
2858;5;5;2;3;2;1;class_II
2859;3;4;3;1;3;1;class_II
2860;3;4;3;1;3;1;class_II
2861;3;4;3;2;2;1;class_II
2862;3;4;3;2;2;1;class_II
2863;5;5;3;1;2;1;class_II
2864;5;5;3;1;2;1;class_II
2865;5;5;4;3;3;1;class_II
2866;5;5;4;3;3;1;class_II
2867;5;5;4;2;1;1;class_II
2868;5;5;4;2;1;1;class_II
2869;5;5;3;1;2;1;class_II
2870;5;5;3;1;2;1;class_II
2871;5;5;2;2;2;1;class_III
2872;5;5;2;2;2;1;class_III
2873;5;5;4;3;2;1;class_II
2874;5;5;4;3;2;1;class_II
2875;5;5;2;1;2;1;class_III
2876;5;5;2;1;2;1;class_III
2877;5;5;2;2;2;1;class_III
2878;5;5;2;2;2;1;class_III
2879;5;5;3;3;2;1;class_II
2880;5;5;3;3;2;1;class_II
2881;5;5;2;1;2;1;class_II
2882;5;5;2;1;2;1;class_II
2883;5;5;2;2;2;1;class_III
2884;5;5;2;2;2;1;class_III
2885;5;5;3;2;1;1;class_II
2886;5;5;3;2;1;1;class_II
2887;5;5;4;1;2;1;class_II
2888;5;5;4;1;2;1;class_II
2889;5;5;3;1;2;1;class_II
2890;5;5;3;1;2;1;class_II
2891;5;5;4;2;2;1;class_II
2892;5;5;4;2;2;1;class_II
2893;6;6;4;4;2;1;class_II
2894;6;6;4;4;2;1;class_II
2895;6;6;3;4;1;1;class_II
2896;6;6;3;4;1;1;class_II
2899;3;4;4;1;1;1;class_II
2900;3;4;4;1;1;1;class_II
2901;2;3;4;1;5;1;class_II
2902;2;3;4;1;5;1;class_II
2903;2;3;4;1;5;1;class_II
2904;2;3;4;1;5;1;class_II
2905;2;3;4;1;5;1;class_II
2906;2;3;4;1;5;1;class_II
2909;6;6;3;4;1;1;class_I
2910;6;6;3;4;1;1;class_I
2911;4;4;2;3;1;1;class_III
2912;4;4;2;3;1;1;class_III
2913;5;5;3;1;5;1;class_II
2914;5;5;3;1;5;1;class_II
2916;4;4;3;1;2;1;class_II
2917;4;4;3;1;2;1;class_II
2918;4;4;3;4;1;1;class_II
2919;4;4;4;4;1;1;class_II
2922;4;5;3;1;2;1;class_II
2923;4;5;3;1;2;1;class_II
2924;4;5;3;4;2;1;class_II
2925;4;5;3;4;2;1;class_II
2928;4;5;3;1;1;1;class_II
2929;4;5;3;1;1;1;class_II
2930;4;5;3;1;2;1;class_II
2931;4;5;3;1;2;1;class_II
2932;4;5;3;3;2;1;class_II
2933;4;5;3;3;2;1;class_II
2934;4;5;3;3;1;1;class_II
2935;4;5;3;3;1;1;class_II
2936;4;5;3;1;3;1;class_II
2937;4;5;3;1;3;1;class_II
2940;3;5;3;1;1;1;class_III
2941;3;5;3;1;1;1;class_III
2942;3;5;3;1;2;1;class_III
2943;3;5;3;1;2;1;class_III
2944;3;5;4;3;2;1;class_II
2945;3;5;4;3;2;1;class_II
2946;3;5;3;1;1;1;class_III
2947;3;5;3;1;1;1;class_III
2948;3;5;3;1;1;1;class_III
2949;3;5;3;1;1;1;class_III
2950;3;5;4;3;5;1;class_II
2951;3;5;4;3;5;1;class_II
2952;3;5;2;1;2;1;class_III
2953;3;5;2;1;2;1;class_III
2954;3;5;2;1;3;1;class_II
2955;3;5;2;1;3;1;class_II
2956;3;5;3;3;2;1;class_II
2957;3;5;3;3;2;1;class_II
2958;3;5;3;1;1;1;class_III
2959;3;5;3;1;1;1;class_III
2960;3;5;3;3;2;1;class_II
2961;3;5;3;3;2;1;class_II
2962;3;5;4;3;2;1;class_II
2963;3;5;4;3;2;1;class_II
2964;3;5;3;1;2;1;class_III
2965;3;5;3;1;2;1;class_III
2966;3;5;3;2;2;1;class_III
2967;3;5;3;2;2;1;class_III
2968;3;5;3;1;3;1;class_III
2969;3;5;3;1;3;1;class_III
2970;3;5;4;1;3;1;class_II
2971;3;5;4;1;3;1;class_II
2972;3;5;4;3;5;1;class_II
2973;3;5;4;3;5;1;class_II
2975;6;6;3;1;2;1;class_II
2976;6;6;3;1;2;1;class_II
2979;4;5;3;1;1;1;class_II
2980;4;5;3;1;1;1;class_II
2982;4;5;4;3;1;1;class_II
2985;4;5;3;1;2;1;class_II
2986;4;5;3;1;2;1;class_II
2987;4;5;4;3;3;1;class_II
2988;4;5;4;3;3;1;class_II
2989;4;5;3;1;2;1;class_II
2990;4;5;3;1;2;1;class_II
2991;4;5;3;3;1;1;class_II
2992;4;5;3;3;1;1;class_II
2993;4;5;4;1;3;1;class_II
2994;4;5;4;1;3;1;class_II
2995;4;5;4;1;3;1;class_II
2996;4;5;4;1;3;1;class_II
2997;4;5;4;3;3;1;class_II
2998;4;5;4;3;3;1;class_II
2999;4;5;2;1;3;1;class_II
3000;4;5;2;1;3;1;class_II
3001;4;5;3;3;5;1;class_II
3002;4;5;3;3;5;1;class_II
3003;4;5;4;4;5;1;class_II
3004;4;5;4;4;5;1;class_II
3005;4;5;3;1;2;1;class_II
3006;4;5;3;1;2;1;class_II
3007;4;5;3;3;1;1;class_II
3008;4;5;3;3;1;1;class_II
3009;4;5;4;4;2;1;class_II
3010;4;5;4;4;2;1;class_II
3011;4;5;3;1;2;1;class_II
3012;4;5;3;1;2;1;class_II
3013;4;5;3;3;2;1;class_II
3014;4;5;3;3;2;1;class_II
3015;4;5;3;3;2;1;class_II
3016;4;5;4;3;2;1;class_II
3019;6;6;4;1;5;1;class_I
3020;6;6;4;1;5;1;class_I
3023;6;6;3;1;1;1;class_II
3024;6;6;3;1;1;1;class_II
3025;6;6;4;3;1;1;class_II
3026;6;6;4;3;1;1;class_II
3027;6;6;3;2;1;1;class_II
3028;6;6;3;2;1;1;class_II
3029;6;6;3;3;1;1;class_II
3030;6;6;3;3;1;1;class_II
3031;6;6;3;3;1;1;class_II
3032;6;6;3;3;1;1;class_II
3033;4;5;3;1;1;1;class_II
3034;4;5;3;1;1;1;class_II
3035;4;5;3;4;1;1;class_II
3036;4;5;3;4;1;1;class_II
3037;4;5;3;4;1;1;class_II
3038;4;5;3;4;1;1;class_II
3039;6;6;4;3;5;1;class_I
3040;6;6;4;3;5;1;class_I
3041;6;6;3;3;5;1;class_I
3042;6;6;3;3;5;1;class_I
3043;6;6;4;3;5;1;class_I
3044;6;6;4;4;2;1;class_I
3045;6;6;4;4;2;1;class_I
3046;5;5;3;1;5;1;class_II
3047;5;5;3;1;5;1;class_II
3048;5;5;3;3;2;1;class_II
3049;5;5;3;3;2;1;class_II
3050;6;6;4;4;5;1;class_I
3051;6;6;4;4;5;1;class_I
3052;6;6;3;3;2;1;class_II
3053;6;6;3;3;2;1;class_II
3054;5;5;4;1;5;1;class_II
3055;5;5;4;1;5;1;class_II
3056;5;5;4;2;1;1;class_II
3057;5;5;4;2;1;1;class_II
3062;6;6;4;3;5;1;class_I
3063;6;6;4;3;5;1;class_I
3064;6;6;4;3;5;1;class_I
3065;6;6;4;3;5;1;class_I
3066;6;6;4;4;5;1;class_I
3067;6;6;4;4;5;1;class_I
3068;6;6;3;1;2;1;class_II
3069;6;6;3;1;2;1;class_II
3070;6;6;2;3;2;1;class_II
3071;6;6;2;3;2;1;class_II
3072;6;6;3;3;2;1;class_II
3073;6;6;3;3;2;1;class_II
3074;6;6;4;1;3;1;class_II
3075;6;6;4;1;3;1;class_II
3076;6;6;4;2;3;1;class_I
3077;6;6;4;2;3;1;class_I
3078;6;6;3;1;2;1;class_II
3079;6;6;3;1;2;1;class_II
3080;6;6;3;4;2;1;class_II
3081;6;6;3;4;2;1;class_II
3082;6;6;3;1;2;1;class_II
3083;6;6;3;1;2;1;class_II
3084;6;6;2;1;2;1;class_II
3085;6;6;2;1;2;1;class_II
3086;6;6;3;1;2;1;class_II
3087;6;6;3;1;2;1;class_II
3088;6;6;4;3;2;1;class_I
3089;6;6;4;3;2;1;class_I
3090;5;5;3;1;2;1;class_II
3091;5;5;3;1;2;1;class_II
3092;5;5;4;3;2;1;class_II
3093;5;5;4;3;2;1;class_II
3094;6;6;3;1;3;1;class_II
3095;6;6;3;1;3;1;class_II
3096;6;6;4;4;2;1;class_I
3097;6;6;4;4;2;1;class_I
3098;6;6;4;4;2;1;class_I
3099;6;6;4;4;2;1;class_I
3100;5;5;3;1;3;1;class_II
3101;5;5;3;1;3;1;class_II
3102;5;5;4;2;2;1;class_II
3103;5;5;4;2;2;1;class_II
3104;5;5;4;4;3;1;class_I
3105;5;5;4;4;3;1;class_I
3106;5;5;3;1;2;1;class_II
3107;5;5;3;1;2;1;class_II
3108;5;5;4;2;3;1;class_II
3109;5;5;4;2;3;1;class_II
3110;5;5;3;1;3;1;class_II
3111;5;5;3;1;3;1;class_II
3112;5;5;4;1;2;1;class_II
3113;5;5;4;1;2;1;class_II
3116;3;4;3;1;2;1;class_III
3117;3;4;3;1;2;1;class_III
3118;3;4;3;1;2;1;class_III
3119;3;4;3;1;2;1;class_III
3120;3;4;4;4;3;1;class_II
3121;3;4;4;4;3;1;class_II
3122;3;4;3;1;2;1;class_III
3123;3;4;3;1;2;1;class_III
3124;3;4;4;1;2;1;class_II
3125;3;4;4;1;2;1;class_II
3126;3;4;4;4;2;1;class_II
3127;3;4;4;4;2;1;class_II
3128;3;4;3;1;3;1;class_III
3129;3;4;3;1;3;1;class_III
3130;3;4;3;1;3;1;class_II
3131;3;4;3;1;3;1;class_II
3132;4;5;3;1;2;1;class_II
3133;4;5;3;1;2;1;class_II
3134;4;5;3;1;2;1;class_II
3135;4;5;3;1;2;1;class_II
3136;4;5;4;3;2;1;class_II
3137;4;5;4;3;2;1;class_II
3138;6;6;3;1;2;1;class_II
3139;6;6;3;1;2;1;class_II
3140;6;6;4;3;3;1;class_I
3141;6;6;4;3;3;1;class_I
3142;3;4;3;1;2;1;class_III
3143;3;4;3;1;2;1;class_III
3144;3;4;3;4;2;1;class_II
3145;3;4;3;4;2;1;class_II
3146;6;6;3;1;5;1;class_II
3147;6;6;3;1;5;1;class_II
3151;6;6;3;4;5;1;class_I
3152;6;6;3;4;5;1;class_I
3155;6;6;4;1;5;1;class_I
3156;6;6;4;1;5;1;class_I
3157;6;6;4;3;3;1;class_I
3158;6;6;4;3;3;1;class_I
3159;6;6;3;3;2;1;class_II
3160;6;6;3;3;2;1;class_II
3161;6;6;2;3;3;1;class_II
3162;6;6;2;3;3;1;class_II
3163;6;6;3;3;2;1;class_II
3164;6;6;3;3;2;1;class_II
3165;6;6;3;3;2;1;class_II
3166;6;6;3;3;2;1;class_II
3167;6;6;3;3;3;1;class_II
3168;6;6;3;3;3;1;class_II
3169;6;6;4;4;3;1;class_I
3170;6;6;4;4;3;1;class_I
3173;6;6;3;3;3;1;class_II
3174;6;6;3;3;3;1;class_II
3175;6;6;4;4;5;1;class_I
3176;6;6;4;4;5;1;class_I
3177;6;6;3;4;5;1;class_I
3178;6;6;3;4;5;1;class_I
3179;6;6;3;3;5;1;class_II
3180;6;6;3;4;3;1;class_II
3181;6;6;3;4;3;1;class_II
3182;6;6;3;4;3;1;class_II
3183;6;6;3;3;2;1;class_II
3184;6;6;3;3;2;1;class_II
3187;6;6;3;3;1;1;class_II
3188;6;6;3;3;1;1;class_II
3189;6;6;4;1;5;1;class_I
3190;6;6;4;1;5;1;class_I
3191;6;6;3;3;1;1;class_II
3192;6;6;3;3;1;1;class_II
3194;6;6;3;1;5;1;class_II
3195;6;6;3;1;5;1;class_II
3196;6;6;2;3;3;1;class_II
3197;6;6;2;3;3;1;class_II
3198;6;6;4;1;5;1;class_I
3199;6;6;4;1;5;1;class_I
3200;6;6;4;2;5;1;class_I
3201;6;6;4;2;5;1;class_I
3202;6;6;3;1;3;1;class_II
3203;6;6;3;1;3;1;class_II
3204;6;6;3;2;3;1;class_II
3205;6;6;3;2;3;1;class_II
3206;6;6;2;1;2;1;class_II
3207;6;6;2;1;2;1;class_II
3208;6;6;3;2;1;1;class_II
3209;6;6;3;2;1;1;class_II
3210;6;6;2;1;1;1;class_II
3211;6;6;2;1;1;1;class_II
3212;6;6;4;4;1;1;class_II
3213;6;6;4;4;1;1;class_II
3214;6;6;3;1;1;1;class_II
3215;6;6;3;1;1;1;class_II
3216;6;6;3;3;2;1;class_II
3217;6;6;3;3;2;1;class_II
3219;6;6;3;1;3;1;class_II
3220;6;6;3;1;3;1;class_II
3221;6;6;3;2;2;1;class_II
3222;6;6;3;2;2;1;class_II
3223;6;6;4;3;2;1;class_II
3224;6;6;4;3;2;1;class_II
3225;6;6;3;1;3;1;class_II
3226;6;6;3;1;3;1;class_II
3227;6;6;3;3;3;1;class_II
3228;6;6;3;3;3;1;class_II
3229;6;6;3;1;3;1;class_II
3230;6;6;3;1;3;1;class_II
3231;6;6;3;1;3;1;class_II
3232;6;6;3;1;3;1;class_II
3233;6;6;4;3;2;1;class_I
3234;6;6;4;3;2;1;class_I
3235;6;6;2;1;2;1;class_II
3236;6;6;2;1;2;1;class_II
3237;6;6;2;1;2;1;class_II
3238;6;6;2;1;2;1;class_II
3239;6;6;2;1;5;1;class_II
3240;6;6;2;1;5;1;class_II
3241;6;6;3;1;2;1;class_II
3242;6;6;3;1;2;1;class_II
3243;5;5;2;1;1;1;class_III
3244;5;5;2;1;1;1;class_III
3245;5;5;2;3;3;1;class_II
3246;5;5;2;3;3;1;class_II
3247;6;6;3;1;3;1;class_II
3248;6;6;3;1;3;1;class_II
3249;6;6;4;3;3;1;class_I
3250;6;6;4;3;3;1;class_I
3251;6;6;3;1;5;1;class_II
3252;6;6;3;1;5;1;class_II
3253;6;6;3;2;2;1;class_II
3254;6;6;3;2;2;1;class_II
3255;6;6;3;3;3;1;class_II
3256;6;6;3;3;3;1;class_II
3257;4;5;2;1;1;1;class_III
3258;4;5;2;1;1;1;class_III
3259;4;5;3;3;3;1;class_II
3260;4;5;3;3;3;1;class_II
3262;6;6;3;1;2;1;class_II
3263;6;6;3;1;2;1;class_II
3264;6;6;3;3;1;1;class_II
3265;6;6;3;3;1;1;class_II
3266;5;5;3;1;1;1;class_II
3267;5;5;3;1;1;1;class_II
3268;5;5;3;3;1;1;class_II
3269;5;5;3;1;3;1;class_II
3270;5;5;3;1;3;1;class_II
3271;5;5;3;2;3;1;class_II
3272;5;5;3;2;3;1;class_II
3273;5;5;3;1;3;1;class_II
3274;5;5;3;1;3;1;class_II
3275;5;5;3;2;3;1;class_II
3276;5;5;3;2;3;1;class_II
3277;6;6;4;1;5;1;class_I
3278;6;6;4;1;5;1;class_I
3279;6;6;4;1;5;1;class_I
3280;6;6;4;1;5;1;class_I
3281;6;6;3;3;1;1;class_II
3282;6;6;3;3;1;1;class_II
3283;6;6;3;1;5;1;class_II
3284;6;6;3;1;5;1;class_II
3285;6;6;3;5;3;1;class_II
3286;6;6;3;5;3;1;class_II
3287;6;6;4;1;5;1;class_I
3288;6;6;4;1;5;1;class_I
3289;6;6;3;4;5;1;class_I
3290;6;6;3;4;5;1;class_I
3291;6;6;3;1;3;1;class_II
3292;6;6;3;1;3;1;class_II
3293;6;6;3;3;1;1;class_II
3294;6;6;3;3;1;1;class_II
3295;6;6;3;1;3;1;class_II
3296;6;6;3;1;3;1;class_II
3297;6;6;4;3;3;1;class_II
3298;6;6;4;3;3;1;class_II
3300;6;6;4;3;1;1;class_II
3301;6;6;4;3;1;1;class_II
3302;6;6;3;1;3;1;class_II
3303;6;6;3;1;3;1;class_II
3304;6;6;3;2;3;1;class_I
3305;6;6;3;2;3;1;class_I
3306;6;6;4;1;5;1;class_I
3307;6;6;4;1;5;1;class_I
3308;6;6;3;2;3;1;class_II
3309;6;6;3;2;3;1;class_II
3310;6;6;3;1;3;1;class_II
3311;6;6;3;1;3;1;class_II
3312;6;6;3;2;1;1;class_II
3313;6;6;3;2;1;1;class_II
3315;6;6;4;3;1;1;class_I
3316;6;6;4;3;1;1;class_I
3319;6;6;3;1;1;1;class_II
3320;6;6;3;1;1;1;class_II
3321;6;6;3;1;1;1;class_II
3322;6;6;3;1;1;1;class_II
3323;6;6;3;1;1;1;class_II
3324;6;6;3;1;1;1;class_II
3325;6;6;3;3;3;1;class_II
3326;6;6;3;3;3;1;class_II
3329;6;6;3;4;1;1;class_II
3330;6;6;3;4;1;1;class_II
3331;6;6;2;1;3;1;class_II
3332;6;6;2;1;3;1;class_II
3333;6;6;3;3;3;1;class_II
3334;6;6;3;3;3;1;class_II
3337;6;6;3;3;1;1;class_II
3338;6;6;3;3;1;1;class_II
3340;6;6;3;1;3;1;class_II
3341;6;6;3;1;3;1;class_II
3342;6;6;3;4;2;1;class_II
3343;6;6;3;4;2;1;class_II
3346;6;6;3;2;1;1;class_II
3347;6;6;3;2;1;1;class_II
3348;6;6;3;2;1;1;class_II
3349;6;6;3;2;1;1;class_II
3350;6;6;2;1;2;1;class_II
3351;6;6;2;1;2;1;class_II
3352;6;6;3;4;2;1;class_II
3353;6;6;3;4;2;1;class_II
3354;6;6;3;1;1;1;class_II
3355;6;6;3;1;1;1;class_II
3356;3;4;2;1;3;1;class_III
3357;3;4;2;1;3;1;class_III
3358;3;4;3;1;3;1;class_III
3359;3;4;3;1;3;1;class_III
3360;5;5;2;1;2;1;class_III
3361;5;5;2;1;2;1;class_III
3362;5;5;3;1;2;1;class_II
3363;5;5;3;1;2;1;class_II
3364;5;5;2;1;4;1;class_II
3365;5;5;2;1;4;1;class_II
3366;5;5;3;1;1;1;class_II
3367;5;5;3;1;1;1;class_II
3368;5;5;4;1;2;1;class_II
3369;5;5;4;1;2;1;class_II
3370;5;6;3;1;2;1;class_II
3371;5;6;3;1;2;1;class_II
3372;5;6;4;1;2;1;class_II
3373;5;6;4;1;2;1;class_II
3374;5;6;3;1;2;1;class_II
3375;5;6;3;1;2;1;class_II
3376;5;6;4;2;2;1;class_II
3377;5;6;4;2;2;1;class_II
3378;5;6;3;4;2;1;class_II
3379;5;6;3;4;2;1;class_II
3380;5;6;4;4;2;1;class_II
3381;5;6;4;4;2;1;class_II
3382;5;5;3;2;2;1;class_II
3383;5;5;3;2;2;1;class_II
3384;5;5;3;4;2;1;class_II
3385;5;5;3;4;2;1;class_II
3386;5;5;4;4;2;1;class_II
3387;5;5;4;4;2;1;class_II
3388;5;5;3;2;2;1;class_II
3389;5;5;3;2;2;1;class_II
3390;5;5;3;4;2;1;class_II
3391;5;5;3;4;2;1;class_II
3392;5;5;4;4;2;1;class_II
3393;5;5;4;4;2;1;class_II
3394;5;5;2;2;2;1;class_II
3395;5;5;2;2;2;1;class_II
3396;5;5;4;4;2;1;class_II
3397;5;5;4;4;2;1;class_II
3398;5;5;3;4;2;1;class_II
3399;5;5;3;4;2;1;class_II
3400;5;5;3;1;2;1;class_II
3401;5;5;3;1;2;1;class_II
3402;5;5;5;2;2;1;class_II
3403;5;5;5;2;2;1;class_II
3404;5;5;4;3;5;1;class_II
3405;5;5;4;3;5;1;class_II
3406;5;5;2;1;3;1;class_II
3407;5;5;2;1;3;1;class_II
3408;5;5;3;4;2;1;class_II
3409;5;5;3;4;2;1;class_II
3410;5;5;3;1;2;1;class_II
3411;5;5;3;1;2;1;class_II
3412;5;5;4;2;1;1;class_II
3413;5;5;4;2;1;1;class_II
3414;5;5;4;4;1;1;class_II
3415;5;5;4;4;1;1;class_II
3416;5;5;2;1;2;1;class_II
3417;5;5;2;1;2;1;class_II
3418;5;5;4;3;1;1;class_II
3419;5;5;4;3;1;1;class_II
3420;5;5;3;1;4;1;class_II
3421;5;5;3;1;4;1;class_II
3422;5;5;4;3;1;1;class_II
3423;5;5;4;3;1;1;class_II
3424;5;5;3;1;5;1;class_II
3425;5;5;3;1;5;1;class_II
3426;5;5;4;3;1;1;class_II
3427;5;5;4;3;1;1;class_II
3428;6;5;3;1;2;1;class_II
3429;6;5;3;1;2;1;class_II
3430;6;5;2;2;2;1;class_II
3431;6;5;2;2;2;1;class_II
3432;5;5;3;1;2;1;class_II
3433;5;5;3;1;2;1;class_II
3434;5;5;3;2;1;1;class_II
3435;5;5;3;2;1;1;class_II
3436;6;6;3;1;1;1;class_II
3437;6;6;3;1;1;1;class_II
3438;6;6;3;2;1;1;class_II
3439;6;6;3;2;1;1;class_II
3440;6;6;3;1;1;1;class_II
3441;6;6;3;1;1;1;class_II
3443;6;6;3;1;2;1;class_II
3444;6;6;3;1;2;1;class_II
3446;6;6;4;3;2;1;class_II
3447;6;6;4;3;2;1;class_II
3448;6;6;4;1;4;1;class_I
3449;6;6;4;1;4;1;class_I
3453;6;6;4;1;2;1;class_II
3454;6;6;4;1;2;1;class_II
3456;5;5;3;1;1;1;class_II
3457;5;5;3;1;1;1;class_II
3458;5;5;3;1;2;1;class_II
3459;5;5;3;1;2;1;class_II
3460;5;5;3;2;1;1;class_II
3461;5;5;3;2;1;1;class_II
3462;6;6;3;1;4;1;class_II
3463;6;6;3;1;4;1;class_II
3464;6;6;3;2;1;1;class_II
3465;6;6;3;2;1;1;class_II
3466;5;5;4;1;4;1;class_II
3467;5;5;4;1;4;1;class_II
3468;5;5;2;2;1;1;class_II
3469;5;5;2;2;1;1;class_II
3470;5;5;4;1;4;1;class_II
3471;5;5;4;1;4;1;class_II
3472;6;6;4;1;4;1;class_I
3473;6;6;4;1;4;1;class_I
3474;5;5;3;1;2;1;class_II
3475;6;6;3;1;1;1;class_II
3476;6;6;3;1;1;1;class_II
3477;6;6;4;2;2;1;class_II
3478;6;6;4;2;2;1;class_II
3479;6;6;3;1;1;1;class_II
3480;6;6;3;1;1;1;class_II
3481;6;6;4;2;4;1;class_II
3482;6;6;4;2;4;1;class_I
3483;6;6;4;3;1;1;class_II
3484;6;6;4;3;1;1;class_II
3487;6;6;3;3;2;1;class_II
3488;6;6;3;3;2;1;class_II
3489;4;5;3;1;2;1;class_II
3490;4;5;3;1;2;1;class_II
3491;4;5;4;3;2;1;class_II
3492;4;5;4;3;2;1;class_II
3494;4;5;3;1;1;1;class_III
3495;4;5;3;1;1;1;class_III
3496;4;5;3;1;2;1;class_III
3497;4;5;3;1;2;1;class_III
3498;4;5;5;3;4;1;class_II
3499;4;5;3;1;2;1;class_II
3500;4;5;3;1;2;1;class_II
3501;4;5;3;4;2;1;class_II
3502;4;5;4;3;5;1;class_I
3503;4;5;4;3;5;1;class_I
3504;5;5;3;1;2;1;class_II
3505;5;5;3;1;2;1;class_II
3506;5;5;2;4;1;1;class_II
3507;5;5;2;4;1;1;class_II
3508;5;5;3;4;1;1;class_II
3509;5;5;3;4;1;1;class_II
3510;6;6;4;1;5;1;class_I
3511;6;6;4;1;5;1;class_I
3512;6;6;4;3;2;5;class_I
3513;6;6;4;3;2;5;class_I
3514;6;6;4;1;5;5;class_I
3515;6;6;4;1;5;5;class_I
3516;6;6;4;3;3;5;class_I
3517;6;6;4;3;3;5;class_I
3518;6;6;5;3;1;5;class_I
3519;6;6;5;3;1;5;class_I
3520;6;6;4;3;1;5;class_I
3521;5;5;4;1;5;5;class_I
3522;5;5;4;1;5;5;class_I
3523;5;5;4;3;3;5;class_I
3524;6;6;4;1;5;5;class_I
3525;6;6;4;1;5;5;class_I
3528;5;5;2;1;2;5;class_II
3529;5;5;2;1;2;5;class_II
3530;5;5;3;3;2;5;class_II
3531;5;5;3;3;2;5;class_II
3532;5;5;3;1;4;5;class_II
3533;5;5;3;1;4;5;class_II
3534;6;6;3;1;1;5;class_II
3535;6;6;3;1;1;5;class_II
3536;6;6;3;1;1;5;class_II
3537;6;6;3;1;1;5;class_II
3538;6;6;4;1;1;5;class_I
3539;6;6;4;1;1;5;class_I
3540;6;6;4;2;1;5;class_I
3541;6;6;4;2;1;5;class_I
3542;6;6;4;1;1;5;class_I
3543;6;6;4;1;1;5;class_I
3544;6;6;3;3;1;5;class_II
3545;6;6;3;3;1;5;class_II
3546;6;6;4;1;1;5;class_I
3547;6;6;4;1;1;5;class_I
3548;6;6;4;3;1;5;class_I
3549;6;6;2;3;1;5;class_II
3550;6;6;3;3;1;5;class_II
3551;6;6;3;1;4;5;class_I
3552;6;6;3;1;4;5;class_I
3553;6;6;3;1;4;5;class_I
3554;6;6;3;1;4;5;class_I
3555;6;6;3;1;4;5;class_I
3556;6;6;3;1;4;5;class_I
3557;6;6;3;2;1;5;class_II
3558;5;5;3;1;4;5;class_II
3559;5;5;3;1;4;5;class_II
3560;5;5;3;1;4;5;class_II
3561;5;5;3;1;4;5;class_II
3562;5;5;3;2;2;5;class_II
3563;5;5;3;2;2;5;class_II
3564;5;5;3;1;1;5;class_II
3565;5;5;3;1;1;5;class_II
3566;5;5;3;2;1;5;class_II
3567;5;5;3;2;1;5;class_II
3568;5;6;3;1;2;5;class_II
3569;5;6;3;1;2;5;class_II
3570;5;6;3;1;2;5;class_II
3571;5;6;3;1;2;5;class_II
3572;5;6;3;1;2;5;class_II
3573;5;6;3;1;2;5;class_II
3574;5;6;4;3;2;5;class_I
3575;6;6;3;1;5;5;class_I
3576;6;6;3;1;5;5;class_I
3577;6;6;3;4;2;5;class_I
3578;6;6;3;4;2;5;class_I
3579;5;6;3;1;5;5;class_I
3580;5;6;3;1;5;5;class_I
3581;5;6;3;4;1;5;class_II
3582;5;6;3;4;1;5;class_II
3583;3;5;2;1;1;5;class_II
3584;3;5;2;1;1;5;class_II
3585;3;5;3;4;1;5;class_II
3586;3;5;3;4;1;5;class_II
3587;6;6;3;1;1;5;class_II
3588;6;6;3;1;1;5;class_II
3589;6;6;2;4;1;5;class_II
3590;6;6;2;4;1;5;class_II
3591;6;6;3;1;1;5;class_II
3592;6;6;3;1;1;5;class_II
3593;6;6;2;3;1;5;class_II
3594;3;5;3;1;1;5;class_III
3595;3;5;3;1;1;5;class_III
3596;3;5;3;3;1;5;class_II
3597;3;5;3;3;1;5;class_II
3600;6;6;3;4;5;5;class_I
3601;6;6;3;4;5;5;class_I
3602;6;6;3;2;1;5;class_II
3603;6;6;3;2;1;5;class_II
3604;3;5;2;1;1;5;class_II
3605;3;5;2;1;1;5;class_II
3608;6;6;3;1;1;5;class_II
3609;6;6;3;1;1;5;class_II
3610;4;5;3;1;5;5;class_II
3611;4;5;3;1;5;5;class_II
3612;4;5;3;1;5;5;class_II
3613;5;6;3;1;5;5;class_II
3614;5;6;3;1;5;5;class_II
3615;5;6;3;1;1;5;class_II
3616;5;6;3;1;1;5;class_II
3617;4;5;3;1;5;5;class_II
3618;4;5;3;1;5;5;class_II
3619;4;5;3;1;5;5;class_II
3620;4;5;3;1;5;5;class_II
3621;5;6;3;1;5;5;class_II
3622;5;6;3;1;5;5;class_II
3623;5;6;3;1;5;5;class_II
3624;5;6;3;1;5;5;class_II
3625;5;6;3;2;3;5;class_II
3626;5;6;3;2;3;5;class_II
3627;3;5;2;1;2;5;class_III
3628;3;5;2;1;2;5;class_III
3629;3;5;2;1;2;5;class_III
3630;3;5;2;1;2;5;class_III
3631;6;6;3;1;5;5;class_I
3632;6;6;3;1;5;5;class_I
3633;6;6;3;1;5;5;class_I
3634;6;6;3;1;5;5;class_I
3635;3;5;3;2;2;5;class_II
3636;3;5;3;2;2;5;class_II
3637;3;5;2;1;1;5;class_II
3638;3;5;2;1;1;5;class_II
3639;3;5;3;3;1;5;class_II
3640;3;5;3;3;1;5;class_II
3641;3;5;2;1;5;5;class_II
3642;3;5;2;1;5;5;class_II
3643;5;5;3;1;5;5;class_II
3644;5;5;3;1;5;5;class_II
3645;5;5;3;3;2;5;class_II
3646;6;6;3;1;5;5;class_I
3647;6;6;3;1;5;5;class_I
3648;6;6;3;3;5;5;class_I
3649;6;6;3;3;5;5;class_I
3650;5;5;3;1;1;5;class_II
3651;5;5;3;1;1;5;class_II
3652;5;5;3;3;1;5;class_II
3653;5;5;3;3;1;5;class_II
3654;5;5;3;1;1;5;class_II
3655;5;5;3;1;1;5;class_II
3656;5;5;3;2;1;5;class_II
3657;5;5;3;2;1;5;class_II
3658;6;6;3;1;2;5;class_II
3659;6;6;3;1;2;5;class_II
3660;6;6;3;2;2;5;class_II
3661;6;6;3;2;2;5;class_II
3662;5;5;3;1;1;5;class_II
3663;5;5;3;1;1;5;class_II
3664;5;5;4;1;1;5;class_II
3665;5;5;4;1;1;5;class_II
3666;5;5;3;1;2;5;class_II
3667;5;5;3;1;2;5;class_II
3668;5;5;3;1;2;5;class_II
3669;5;5;3;1;2;5;class_II
3670;6;6;4;1;1;5;class_I
3671;6;6;4;1;1;5;class_I
3672;6;6;3;1;1;5;class_II
3673;6;6;3;1;1;5;class_II
3674;6;6;4;1;1;5;class_I
3675;6;6;4;1;1;5;class_I
3676;6;6;3;1;1;5;class_II
3677;6;6;3;1;1;5;class_II
3678;6;6;4;1;2;5;class_I
3679;6;6;4;1;2;5;class_I
3680;6;6;4;1;2;5;class_I
3681;6;6;4;1;2;5;class_I
3682;4;5;3;1;2;5;class_II
3683;4;5;3;1;2;5;class_II
3684;4;5;4;1;2;5;class_II
3685;4;5;4;1;2;5;class_II
3686;6;6;4;1;2;5;class_I
3687;6;6;4;1;2;5;class_I
3688;4;5;3;1;1;5;class_II
3689;4;5;3;1;1;5;class_II
3690;4;5;3;1;1;5;class_II
3691;4;5;3;1;1;5;class_II
3692;4;5;2;1;1;5;class_II
3693;4;5;2;1;1;5;class_II
3694;4;5;3;1;1;5;class_II
3695;4;5;3;1;1;5;class_II
3696;3;5;2;1;1;5;class_III
3697;3;5;2;1;1;5;class_III
3698;3;5;3;1;1;5;class_III
3699;3;5;3;1;1;5;class_III
3700;6;6;5;1;1;5;class_I
3701;6;6;5;1;1;5;class_I
3702;6;6;4;1;1;5;class_I
3703;6;6;4;1;1;5;class_I
3704;6;6;5;3;1;5;class_I
3705;6;6;5;3;1;5;class_I
3706;6;6;4;1;1;5;class_I
3707;6;6;4;1;1;5;class_I
3708;6;6;4;1;1;5;class_I
3709;6;6;4;1;1;5;class_I
3710;4;5;3;1;1;5;class_II
3711;4;5;3;1;1;5;class_II
3712;4;5;3;1;1;5;class_II
3713;4;5;3;1;1;5;class_II
3714;6;6;4;1;1;5;class_I
3715;6;6;4;1;1;5;class_I
3716;6;6;3;1;1;5;class_II
3717;6;6;3;1;1;5;class_II
3718;4;5;3;1;1;5;class_II
3719;4;5;3;1;1;5;class_II
3720;5;5;2;1;1;5;class_III
3721;5;5;2;1;1;5;class_III
3722;5;5;3;1;1;5;class_II
3723;5;5;4;3;1;5;class_II
3724;5;5;4;3;1;5;class_II
3727;5;5;3;1;1;5;class_II
3728;5;5;3;1;1;5;class_II
3729;5;5;3;3;1;5;class_II
3730;5;5;4;3;1;5;class_II
3731;4;5;4;1;2;5;class_II
3732;5;5;3;1;2;5;class_II
3733;5;5;3;1;2;5;class_II
3734;5;5;3;3;2;5;class_II
3735;5;5;3;3;2;5;class_II
3737;4;5;3;1;2;5;class_II
3738;4;5;3;1;2;5;class_II
3739;4;5;2;1;2;5;class_II
3740;4;5;2;1;2;5;class_II
3741;5;5;3;1;1;5;class_II
3742;5;5;2;1;1;5;class_III
3743;4;5;3;1;1;5;class_II
3744;4;5;3;1;1;5;class_II
3745;4;5;3;1;2;5;class_II
3746;4;5;3;1;1;5;class_II
3747;4;5;3;1;1;5;class_II
3748;4;5;3;1;2;5;class_II
3749;4;5;3;1;2;5;class_II
3751;4;5;3;1;1;5;class_II
3752;4;5;3;1;1;5;class_II
3753;4;5;3;1;1;5;class_II
3754;4;4;3;1;1;5;class_II
3756;6;5;3;1;2;5;class_II
3757;6;5;3;1;2;5;class_II
3758;6;5;4;4;1;5;class_I
3759;6;5;4;4;1;5;class_I
3760;6;5;3;3;1;5;class_II
3761;6;5;3;3;1;5;class_II
3762;6;5;3;1;2;5;class_II
3763;6;5;3;1;2;5;class_II
3764;6;5;3;3;2;5;class_II
3765;6;5;3;3;2;5;class_II
3766;6;5;4;4;1;5;class_I
3767;6;5;4;4;1;5;class_I
3768;6;5;3;4;1;5;class_I
3769;6;5;3;4;1;5;class_I
3770;6;5;4;3;1;5;class_I
3771;6;5;4;3;1;5;class_I
3772;6;5;4;4;2;5;class_I
3773;6;5;4;4;2;5;class_I
3774;6;5;3;3;2;5;class_I
3775;6;5;3;3;2;5;class_I
3776;6;5;4;1;2;5;class_I
3777;6;5;4;1;2;5;class_I
3778;6;5;4;3;1;5;class_I
3779;6;5;4;3;1;5;class_I
3780;6;5;2;4;2;5;class_II
3781;6;5;2;4;2;5;class_II
3782;6;5;2;3;2;1;class_II
3783;6;5;2;3;2;1;class_II
3784;6;5;4;4;1;1;class_I
3785;6;5;4;4;1;1;class_I
3786;6;5;3;3;2;1;class_II
3787;6;5;3;3;2;1;class_II
3788;6;5;2;3;2;1;class_II
3789;6;5;2;3;2;1;class_II
3790;6;5;4;3;1;1;class_II
3791;6;5;4;3;1;1;class_II
3792;6;5;3;4;1;1;class_II
3793;6;5;3;4;1;1;class_II
3794;6;5;3;3;1;1;class_II
3795;6;5;3;3;1;1;class_II
3796;6;5;3;3;1;1;class_II
3797;6;5;3;3;1;1;class_II
3798;6;5;3;1;2;1;class_II
3799;6;5;3;1;2;1;class_II
3800;6;5;4;3;2;1;class_II
3801;6;5;4;3;2;1;class_II
3802;6;5;4;3;2;1;class_II
3803;6;5;4;3;2;1;class_II
3804;6;5;4;4;1;1;class_II
3805;6;5;4;4;1;1;class_II
3806;6;5;4;4;2;1;class_II
3807;6;5;4;4;2;1;class_II
3808;6;5;4;4;1;5;class_I
3809;6;5;4;4;1;5;class_I
3810;6;5;4;4;1;5;class_I
3811;6;5;4;4;1;5;class_I
3812;4;5;3;3;2;5;class_II
3813;4;5;3;3;2;5;class_II
3814;4;5;3;3;2;5;class_II
3815;4;5;3;3;2;5;class_II
3816;4;5;3;3;2;5;class_II
3817;4;5;3;3;2;5;class_II
3818;5;5;3;3;2;5;class_I
3819;5;5;3;3;2;5;class_I
3820;5;5;4;4;1;5;class_I
3821;5;5;4;4;1;5;class_I
3822;5;5;3;4;1;5;class_II
3823;5;5;3;4;1;5;class_II
3824;5;5;3;3;2;5;class_II
3825;5;5;3;3;2;5;class_II
3826;5;5;4;4;1;5;class_I
3827;5;5;4;4;1;5;class_I
3828;5;5;3;4;1;5;class_I
3829;5;5;3;4;1;5;class_I
3830;5;5;4;3;2;5;class_I
3831;5;5;4;3;2;5;class_I
3832;5;5;4;4;2;5;class_I
3833;5;5;4;4;2;5;class_I
3834;5;5;4;4;2;5;class_I
3835;5;5;4;4;2;5;class_I
3836;5;5;4;4;2;5;class_I
3837;5;5;4;4;2;5;class_I
3838;5;5;4;4;2;5;class_I
3839;5;5;4;4;2;5;class_I
3840;5;5;4;4;2;5;class_I
3841;5;5;4;4;2;5;class_I
3842;5;5;4;4;2;5;class_I
3843;5;5;4;4;2;5;class_I
3844;5;5;4;4;2;5;class_I
3845;5;5;4;4;2;5;class_I
3846;5;5;4;4;2;5;class_I
3847;5;5;4;4;2;5;class_I
3848;5;5;4;4;2;5;class_I
3849;5;5;4;4;2;5;class_I
3853;5;5;4;3;1;5;class_I
3854;5;5;4;3;1;5;class_I
3855;5;5;4;4;1;5;class_I
3856;5;5;4;4;1;5;class_I
3857;5;5;4;4;1;5;class_I
3858;5;5;4;4;1;5;class_I
3859;5;5;4;3;1;5;class_I
3860;5;5;4;3;1;5;class_I
3861;5;5;4;4;1;5;class_I
3862;5;5;4;4;1;5;class_I
3863;5;5;4;3;1;5;class_I
3864;5;5;4;3;1;5;class_I
3865;5;5;4;4;1;5;class_I
3866;5;5;4;4;1;5;class_I
3867;5;5;4;3;1;5;class_I
3868;5;5;4;3;1;5;class_I
3869;5;5;3;4;1;5;class_II
3870;5;5;3;4;1;5;class_II
3871;5;5;4;3;2;5;class_I
3872;5;5;4;3;2;5;class_I
3873;5;5;4;3;2;5;class_II
3874;5;5;4;3;2;5;class_II
3875;5;5;4;4;2;5;class_I
3876;5;5;4;3;5;5;class_I
3877;5;5;4;3;5;5;class_I
3878;5;5;4;3;2;5;class_II
3879;5;5;4;3;2;5;class_II
3880;5;5;4;3;2;5;class_II
3881;5;5;4;3;2;5;class_II
3882;5;5;4;3;1;5;class_II
3883;5;5;4;3;1;5;class_II
3884;5;5;5;1;1;5;class_II
3885;5;5;5;1;1;5;class_II
3886;5;5;5;2;1;5;class_II
3887;5;5;5;2;1;5;class_II
3888;5;5;4;3;1;5;class_I
3889;5;5;4;3;1;5;class_I
3890;5;5;4;3;1;5;class_II
3891;5;5;4;3;1;5;class_II
3892;5;5;4;4;1;5;class_I
3893;5;5;4;4;1;5;class_I
3896;5;5;2;1;3;5;class_II
3897;5;5;2;1;3;5;class_II
3898;5;5;3;4;2;5;class_II
3899;5;5;3;4;2;5;class_II
3900;5;5;3;4;2;5;class_II
3901;5;5;3;4;2;5;class_II
3902;5;5;3;1;2;5;class_II
3903;5;5;3;1;2;5;class_II
3904;5;5;3;4;2;5;class_II
3905;5;5;3;4;2;5;class_II
3906;5;5;4;5;2;5;class_I
3907;5;5;4;5;2;5;class_I
3908;5;5;4;1;2;5;class_II
3909;5;5;4;1;2;5;class_II
3910;5;5;3;4;1;5;class_I
3911;5;5;3;4;1;5;class_I
3912;5;5;4;4;2;5;class_I
3913;5;5;4;4;2;5;class_I
3914;5;5;5;1;1;5;class_II
3915;5;5;5;1;1;5;class_II
3916;5;5;5;1;1;5;class_II
3917;5;5;5;1;1;5;class_II
3918;3;3;3;1;1;5;class_III
3919;3;3;3;1;1;5;class_III
3920;3;3;4;4;2;5;class_II
3921;3;3;4;4;2;5;class_II
3922;3;3;4;4;2;5;class_II
3923;3;3;4;4;2;5;class_II
3924;4;4;3;1;1;5;class_III
3925;4;4;3;1;1;5;class_III
3926;4;4;4;4;1;5;class_II
3927;4;4;4;4;1;5;class_II
3928;4;4;4;4;2;5;class_II
3929;4;4;4;4;2;5;class_II
3930;5;5;3;1;2;5;class_II
3931;5;5;3;1;2;5;class_II
3932;5;5;4;4;2;5;class_II
3933;5;5;4;4;2;5;class_II
3934;5;5;4;5;2;5;class_I
3935;5;5;4;5;2;5;class_I
3936;5;5;5;1;1;5;class_II
3937;5;5;5;1;1;5;class_II
3938;5;5;3;1;2;5;class_II
3939;5;5;3;1;2;5;class_II
3940;5;5;3;4;2;5;class_II
3941;5;5;3;4;2;5;class_II
3942;5;5;2;5;2;5;class_II
3943;5;5;2;5;2;5;class_II
3944;5;5;5;1;1;5;class_II
3945;5;5;5;1;1;5;class_II
3946;5;5;4;4;2;5;class_I
3947;5;5;4;4;2;5;class_I
3948;5;5;4;4;2;5;class_I
3949;5;5;4;4;2;5;class_I
3950;5;5;4;4;2;5;class_I
3951;5;5;4;4;2;5;class_I
3952;5;5;4;1;1;5;class_II
3953;5;5;4;1;1;5;class_II
3954;5;5;3;4;1;5;class_II
3955;5;5;3;4;1;5;class_II
3956;5;5;3;4;1;5;class_II
3957;5;5;3;4;1;5;class_II
3958;5;5;5;3;1;5;class_I
3959;5;5;5;3;1;5;class_I
3960;5;5;3;1;1;5;class_II
3961;5;5;3;1;1;5;class_II
3962;5;5;2;3;1;5;class_II
3963;5;5;2;3;1;5;class_II
3964;5;5;2;3;1;5;class_II
3965;5;5;2;3;1;5;class_II
3966;6;6;3;4;2;1;class_II
3967;6;6;3;4;2;1;class_II
3968;6;6;5;3;5;5;class_I
3969;6;6;5;3;5;5;class_I
3970;6;6;5;4;5;5;class_I
3971;6;6;5;4;5;5;class_I
3972;6;6;2;4;2;5;class_I
3973;6;6;2;4;2;5;class_I
3974;6;6;3;5;2;5;class_I
3975;6;6;3;5;2;5;class_I
3976;3;3;4;3;1;5;class_II
3977;3;3;4;3;1;5;class_II
3978;3;3;3;4;1;5;class_II
3979;3;3;3;4;1;5;class_II
3980;3;3;4;4;1;5;class_II
3981;3;3;4;4;1;5;class_II
3982;2;2;3;3;2;5;class_III
3983;2;2;3;3;2;5;class_III
3984;2;2;3;5;2;5;class_III
3985;2;2;3;5;2;5;class_III
3986;2;2;2;3;2;5;class_III
3987;2;2;2;3;2;5;class_III
3988;2;2;3;5;2;5;class_II
3989;2;2;3;5;2;5;class_II
3990;2;2;2;3;2;5;class_III
3991;2;2;2;3;2;5;class_III
3992;2;2;3;4;2;5;class_III
3993;2;2;3;4;2;5;class_III
3994;2;2;2;3;2;5;class_III
3995;2;2;2;3;2;5;class_III
3996;2;3;4;2;2;5;class_II
3997;2;3;4;2;2;5;class_II
3998;2;2;4;2;2;5;class_III
3999;2;2;4;2;2;5;class_III
4000;2;2;5;1;2;5;class_II
4001;2;2;5;1;2;5;class_II
4002;1;1;5;1;2;5;class_II
4003;1;1;5;1;2;5;class_II
4004;2;3;5;1;2;5;class_II
4005;2;3;5;1;2;5;class_II
4006;1;1;5;1;2;5;class_II
4007;1;1;5;1;2;5;class_II
4008;1;1;5;2;2;5;class_II
4009;1;1;5;2;2;5;class_II
4010;1;1;5;2;2;5;class_II
4011;1;1;5;2;2;5;class_II
4012;1;1;5;3;2;5;class_II
4013;1;1;5;3;2;5;class_II
4014;1;1;5;2;2;5;class_II
4015;1;1;5;2;2;5;class_II
4016;1;1;5;2;2;5;class_II
4017;1;1;5;2;2;5;class_II
4018;1;1;5;3;2;5;class_II
4019;1;1;5;3;2;5;class_II
4020;1;1;3;2;3;5;class_III
4021;1;1;3;2;3;5;class_III
4022;1;1;5;3;3;5;class_II
4023;1;1;5;3;3;5;class_II
4024;1;1;2;2;3;5;class_III
4025;1;1;2;2;3;5;class_III
4026;1;1;5;2;2;5;class_II
4027;1;1;5;2;2;5;class_II
4029;1;1;5;2;2;5;class_II
4030;1;1;5;2;2;5;class_II
4031;1;1;5;1;2;5;class_II
4032;1;1;5;1;2;5;class_II
4033;1;1;4;1;2;5;class_II
4034;1;1;4;1;2;5;class_II
4035;1;1;5;1;2;5;class_II
4036;1;1;5;1;2;5;class_II
4037;1;1;4;1;2;5;class_II
4038;1;1;4;1;2;5;class_II
4039;1;1;5;1;2;5;class_II
4040;1;1;5;1;2;5;class_II
4041;1;1;4;1;2;5;class_II
4042;1;1;4;1;2;5;class_II
4043;1;1;4;1;2;5;class_III
4044;1;1;4;1;2;5;class_III
4045;1;1;4;1;2;5;class_III
4046;1;1;4;1;2;5;class_III
4048;5;5;5;3;5;5;class_I
4049;5;5;5;3;5;5;class_I
4050;5;5;2;4;2;5;class_II
4051;5;5;2;4;2;5;class_II
4052;5;5;5;3;5;5;class_I
4053;5;5;5;3;5;5;class_I
4054;5;5;3;4;2;5;class_II
4055;5;5;3;4;2;5;class_II
4056;5;5;5;3;5;5;class_I
4057;5;5;5;3;5;5;class_I
4058;5;5;3;4;2;5;class_II
4059;5;5;3;4;2;5;class_II
4060;5;5;3;4;2;5;class_II
4061;5;5;3;4;2;5;class_II
4062;5;5;5;1;1;5;class_I
4063;5;5;5;1;1;5;class_I
4064;5;5;4;3;1;5;class_II
4065;5;5;4;3;1;5;class_II
4066;5;5;2;3;5;5;class_II
4067;5;5;2;3;5;5;class_II
4068;5;5;5;1;1;5;class_I
4069;5;5;5;1;1;5;class_I
4070;5;5;3;3;1;5;class_II
4071;5;5;3;3;1;5;class_II
4072;5;5;3;4;1;5;class_II
4073;5;5;3;4;1;5;class_II
4074;5;5;4;3;1;5;class_II
4075;5;5;4;3;1;5;class_II
4076;5;5;4;3;1;5;class_II
4077;5;5;4;3;1;5;class_II
4078;5;5;4;4;1;5;class_I
4079;5;5;4;4;1;5;class_I
4080;5;5;3;3;1;5;class_II
4081;5;5;3;3;1;5;class_II
4082;5;5;3;3;1;5;class_II
4083;5;5;3;3;1;5;class_II
4084;5;5;3;3;1;5;class_II
4085;5;5;3;3;1;5;class_II
4086;5;5;5;2;2;5;class_II
4087;5;5;5;2;2;5;class_II
4088;5;5;3;3;2;5;class_II
4089;5;5;3;3;2;5;class_II
4090;5;5;2;2;2;5;class_II
4091;5;5;2;2;2;5;class_II
4092;1;1;5;2;3;5;class_II
4093;1;1;5;2;3;5;class_II
4094;5;5;2;1;1;5;class_II
4095;5;5;2;1;1;5;class_II
4096;5;5;3;4;1;5;class_II
4097;5;5;3;4;1;5;class_II
4098;5;5;4;4;1;5;class_II
4099;5;5;4;4;1;5;class_II
4100;2;2;5;2;3;5;class_II
4101;2;2;5;2;3;5;class_II
4102;3;3;5;2;3;5;class_II
4103;3;3;5;2;3;5;class_II
4104;3;3;5;2;2;5;class_II
4105;3;3;5;2;2;5;class_II
4106;3;3;5;2;2;5;class_II
4107;3;3;5;2;2;5;class_II
4109;3;3;5;1;2;5;class_II
4110;3;3;5;1;2;5;class_II
4111;3;3;5;1;2;5;class_II
4112;3;3;5;1;2;5;class_II
4113;4;4;5;1;2;5;class_II
4114;4;4;5;1;2;5;class_II
4115;4;4;5;1;2;5;class_II
4116;4;4;5;1;2;5;class_II
4117;5;5;5;1;2;5;class_II
4118;5;5;5;1;2;5;class_II
4119;5;5;5;3;2;5;class_II
4120;5;5;5;3;2;5;class_II
4121;5;5;4;2;2;5;class_II
4122;5;5;4;2;2;5;class_II
4123;5;5;4;2;2;5;class_II
4124;5;5;4;2;2;5;class_II
4125;5;5;5;2;2;5;class_II
4126;5;5;5;2;2;5;class_II
4127;5;5;5;2;2;5;class_II
4128;5;5;5;2;2;5;class_II
4130;4;4;2;3;3;5;class_II
4131;4;4;2;3;3;5;class_II
4132;4;4;3;4;2;5;class_II
4133;4;4;3;4;2;5;class_II
4134;2;2;2;3;2;5;class_III
4135;2;2;2;3;2;5;class_III
4136;2;2;2;4;2;5;class_II
4137;2;2;2;4;2;5;class_II
4138;5;5;3;3;2;5;class_II
4139;5;5;3;3;2;5;class_II
4140;5;5;3;4;1;5;class_II
4141;5;5;3;4;1;5;class_II
4142;2;2;3;3;1;5;class_III
4143;2;2;3;3;1;5;class_III
4144;2;2;2;4;1;5;class_II
4145;2;2;2;4;1;5;class_II
4146;5;5;2;3;1;5;class_II
4147;5;5;2;3;1;5;class_II
4148;5;5;3;4;1;5;class_II
4149;5;5;3;4;1;5;class_II
4150;2;2;2;3;1;5;class_III
4151;2;2;2;3;1;5;class_III
4152;2;2;2;4;1;5;class_III
4153;2;2;2;4;1;5;class_III
4154;2;2;3;4;1;5;class_III
4155;2;2;3;4;1;5;class_III
4156;6;6;3;3;1;5;class_II
4157;6;6;3;3;1;5;class_II
4158;6;6;3;4;1;5;class_I
4159;6;6;3;4;1;5;class_I
4160;6;6;5;1;1;5;class_I
4161;6;6;5;1;1;5;class_I
4162;6;6;5;3;1;5;class_I
4163;6;6;5;3;1;5;class_I
4164;6;6;4;3;1;5;class_I
4165;6;6;4;3;1;5;class_I
4166;6;6;4;3;1;5;class_I
4167;6;6;4;3;1;5;class_I
4168;6;6;4;4;1;5;class_I
4169;6;6;4;4;1;5;class_I
4170;6;6;4;4;1;5;class_I
4171;6;6;4;4;1;5;class_I
4172;3;3;3;3;2;5;class_II
4173;3;3;3;3;2;5;class_II
4174;3;3;4;4;1;5;class_II
4175;3;3;4;4;1;5;class_II
4176;3;3;4;5;2;5;class_II
4177;3;3;4;5;2;5;class_II
4178;4;4;3;3;1;5;class_II
4179;4;4;3;3;1;5;class_II
4180;4;4;4;3;2;5;class_II
4181;4;4;4;3;2;5;class_II
4182;4;4;4;4;2;5;class_II
4183;4;4;4;4;2;5;class_II
4184;5;5;3;3;1;5;class_II
4185;5;5;3;3;1;5;class_II
4186;5;5;4;4;2;5;class_I
4187;5;5;4;4;2;5;class_I
4188;5;5;2;4;2;5;class_II
4189;5;5;2;4;2;5;class_II
4190;5;5;5;1;1;5;class_II
4191;5;5;5;1;1;5;class_II
4192;5;5;3;3;1;5;class_II
4193;5;5;3;3;1;5;class_II
4194;5;5;3;4;2;5;class_II
4195;5;5;3;4;2;5;class_II
4196;5;5;4;4;2;5;class_I
4197;5;5;4;4;2;5;class_I
4198;5;5;3;3;2;5;class_II
4199;5;5;3;3;2;5;class_II
4200;5;5;4;4;1;5;class_I
4201;5;5;4;4;1;5;class_I
4202;5;5;3;5;2;5;class_I
4203;5;5;3;5;2;5;class_I
4204;2;2;3;3;1;5;class_III
4205;2;2;3;3;1;5;class_III
4206;2;2;2;4;2;5;class_III
4207;2;2;2;4;2;5;class_III
4208;2;2;4;3;2;5;class_III
4209;2;2;4;3;2;5;class_III
4210;2;2;4;4;2;5;class_II
4211;2;2;4;4;2;5;class_II
4212;5;5;3;3;2;5;class_II
4213;5;5;3;3;2;5;class_II
4214;5;5;3;4;2;5;class_II
4215;5;5;3;4;2;5;class_II
4216;2;2;3;3;2;5;class_II
4217;2;2;3;3;2;5;class_II
4218;2;2;3;4;2;5;class_II
4219;2;2;3;4;2;5;class_II
4220;5;5;4;3;1;5;class_II
4221;5;5;4;3;1;5;class_II
4222;2;2;4;3;1;1;class_III
4223;2;2;4;3;1;1;class_III
4224;2;2;2;3;2;1;class_III
4225;2;2;2;3;2;1;class_III
4226;5;5;4;3;2;1;class_II
4227;5;5;4;3;2;1;class_II
4228;5;5;2;3;2;1;class_II
4229;5;5;2;3;2;1;class_II
4230;6;6;3;3;2;5;class_I
4231;6;6;3;3;2;5;class_I
4232;6;6;4;3;2;5;class_I
4233;6;6;4;3;2;5;class_I
4234;6;6;4;3;2;5;class_I
4235;6;6;4;3;2;5;class_I
4236;6;6;4;3;2;5;class_I
4237;6;6;4;3;2;5;class_I
4238;6;6;4;3;2;5;class_I
4239;6;6;4;3;2;5;class_I
4241;5;5;3;3;1;5;class_II
4242;5;5;3;3;1;5;class_II
4243;5;5;3;4;1;5;class_II
4244;5;5;3;4;1;5;class_II
4245;3;3;3;3;2;5;class_III
4246;3;3;3;3;2;5;class_III
4247;3;3;5;4;2;5;class_II
4248;3;3;5;4;2;5;class_II
4249;2;2;3;3;2;5;class_III
4250;2;2;3;3;2;5;class_III
4251;2;2;4;4;2;5;class_II
4252;2;2;4;4;2;5;class_II
4253;5;5;3;3;2;5;class_II
4254;5;5;3;3;2;5;class_II
4255;5;5;4;4;2;5;class_II
4256;5;5;4;4;2;5;class_II
4257;2;2;3;3;2;5;class_II
4258;2;2;3;3;2;5;class_II
4259;2;2;4;4;2;5;class_II
4260;2;2;4;4;2;5;class_II
4261;5;5;3;3;1;5;class_II
4262;5;5;3;3;1;5;class_II
4263;5;5;4;4;1;5;class_I
4264;5;5;4;4;1;5;class_I
4265;5;5;3;4;1;5;class_II
4266;5;5;3;4;1;5;class_II
4267;2;2;2;3;1;5;class_III
4268;2;2;2;3;1;5;class_III
4269;2;2;3;4;1;5;class_II
4270;2;2;3;4;1;5;class_II
4271;2;2;3;4;1;5;class_II
4272;2;2;3;4;1;5;class_II
4273;2;2;4;3;1;5;class_II
4274;2;2;4;3;1;5;class_II
4275;2;2;4;4;1;5;class_II
4276;2;2;4;4;1;5;class_II
4277;5;5;4;3;1;5;class_I
4278;5;5;4;3;1;5;class_I
4279;5;5;4;4;1;5;class_I
4280;5;5;4;4;1;5;class_I
4281;5;5;5;3;1;5;class_I
4282;5;5;5;3;1;5;class_I
4283;5;5;5;3;1;5;class_I
4284;5;5;5;3;1;5;class_I
4285;5;5;3;4;2;5;class_II
4286;5;5;3;4;2;5;class_II
4287;5;5;5;3;1;5;class_I
4288;5;5;5;3;1;5;class_I
4289;5;5;3;4;1;5;class_I
4290;5;5;3;4;1;5;class_I
4291;5;5;4;3;1;5;class_I
4292;5;5;4;3;1;5;class_I
4293;5;5;5;3;1;5;class_I
4294;5;5;5;3;1;5;class_I
4295;5;5;4;3;1;5;class_I
4296;5;5;4;3;1;5;class_I
4297;5;5;4;3;1;5;class_II
4298;5;5;4;3;1;5;class_II
4299;5;5;4;3;1;5;class_I
4300;5;5;4;3;1;5;class_I
4301;5;5;4;3;1;5;class_I
4302;5;5;4;3;1;5;class_I
4303;4;4;4;3;1;5;class_II
4304;4;4;4;3;1;5;class_II
4305;4;4;4;3;1;5;class_II
4306;4;4;4;3;1;5;class_II
4307;4;4;5;1;1;5;class_II
4308;4;4;5;1;1;5;class_II
4309;5;5;4;3;1;5;class_II
4310;5;5;4;3;1;5;class_II
4311;5;5;3;4;1;5;class_II
4312;5;5;3;4;1;5;class_II
4313;3;3;4;3;2;5;class_II
4314;3;3;4;3;2;5;class_II
4315;3;3;4;3;2;5;class_II
4316;3;3;4;3;2;5;class_II
4317;3;3;4;3;1;5;class_II
4318;3;3;4;3;1;5;class_II
4319;3;3;3;2;1;5;class_II
4320;3;3;3;2;1;5;class_II
4321;3;3;3;4;1;5;class_II
4322;3;3;3;4;1;5;class_II
4323;3;3;3;1;1;5;class_III
4324;3;3;3;1;1;5;class_III
4325;3;3;5;1;1;5;class_II
4326;3;3;5;1;1;5;class_II
4327;3;3;2;1;1;5;class_III
4328;3;3;2;1;1;5;class_III
4329;3;3;3;4;1;5;class_II
4330;3;3;3;4;1;5;class_II
4331;3;3;3;4;1;5;class_II
4332;3;3;3;4;1;5;class_II
4333;4;4;2;1;1;5;class_II
4334;4;4;2;1;1;5;class_II
4335;4;4;3;4;1;5;class_II
4336;4;4;3;4;1;5;class_II
4337;2;2;3;1;2;5;class_III
4338;2;2;3;1;2;5;class_III
4339;5;5;3;1;2;5;class_II
4340;5;5;3;1;2;5;class_II
4341;5;5;4;4;1;5;class_I
4342;5;5;4;4;1;5;class_I
4343;5;5;5;1;2;5;class_I
4344;5;5;5;1;2;5;class_I
4345;6;6;5;1;2;5;class_I
4346;6;6;5;1;2;5;class_I
4347;6;6;4;3;2;5;class_I
4348;6;6;4;3;2;5;class_I
4349;6;6;4;1;1;5;class_I
4350;6;6;4;1;1;5;class_I
4351;6;6;4;1;1;5;class_I
4352;6;6;4;1;1;5;class_I
4353;6;6;4;4;1;5;class_I
4354;6;6;4;4;1;5;class_I
4355;6;6;3;1;1;5;class_II
4356;6;6;3;1;1;5;class_II
4357;5;5;3;1;1;5;class_II
4358;5;5;3;1;1;5;class_II
4359;5;5;4;4;1;5;class_I
4360;5;5;4;4;1;5;class_I
4361;5;5;5;1;1;5;class_I
4362;5;5;5;1;1;5;class_I
4363;5;5;5;1;1;5;class_I
4364;5;5;5;1;1;5;class_I
4365;5;5;3;1;1;5;class_II
4366;5;5;3;1;1;5;class_II
4367;5;5;4;4;2;5;class_I
4368;5;5;4;4;2;5;class_I
4369;4;4;3;1;1;5;class_II
4370;4;4;3;1;1;5;class_II
4371;4;4;4;4;2;5;class_II
4372;4;4;4;4;2;5;class_II
4373;4;4;4;3;2;5;class_II
4374;4;4;4;3;2;5;class_II
4375;4;4;3;3;2;5;class_II
4376;4;4;3;3;2;5;class_II
4378;5;5;4;1;1;5;class_II
4379;5;5;4;1;1;5;class_II
4380;5;5;4;4;1;5;class_I
4381;5;5;4;4;1;5;class_I
4382;5;5;2;4;2;5;class_II
4383;5;5;2;4;2;5;class_II
4384;2;2;3;1;2;5;class_III
4385;2;2;3;1;2;5;class_III
4386;2;2;4;4;1;5;class_II
4387;2;2;4;4;1;5;class_II
4388;2;2;3;4;1;5;class_II
4389;2;2;3;4;1;5;class_II
4390;5;5;2;1;2;5;class_II
4391;5;5;2;1;2;5;class_II
4392;5;5;3;4;1;5;class_II
4393;5;5;3;4;1;5;class_II
4394;5;5;4;4;1;5;class_I
4395;5;5;4;4;1;5;class_I
4396;5;5;5;1;1;5;class_II
4397;5;5;5;1;1;5;class_II
4398;5;5;3;1;2;5;class_II
4399;5;5;3;1;2;5;class_II
4400;5;5;5;1;1;5;class_II
4401;5;5;5;1;1;5;class_II
4402;5;5;5;1;1;5;class_II
4403;5;5;5;1;1;5;class_II
4404;2;2;5;1;1;5;class_II
4405;2;2;5;1;1;5;class_II
4406;2;2;3;4;1;5;class_II
4407;2;2;3;4;1;5;class_II
4408;2;2;3;4;1;5;class_II
4409;2;2;3;4;1;5;class_II
4410;5;5;3;1;3;1;class_II
4411;5;5;3;1;3;1;class_II
4412;5;5;3;4;2;1;class_II
4413;5;5;3;4;2;1;class_II
4414;2;2;4;1;1;5;class_II
4415;2;2;4;1;1;5;class_II
4416;2;2;3;4;2;5;class_II
4417;2;2;3;4;2;5;class_II
4418;2;2;4;4;2;5;class_II
4419;2;2;4;4;2;5;class_II
4420;2;2;4;1;1;5;class_II
4421;2;2;4;1;1;5;class_II
4422;2;2;4;5;1;5;class_II
4423;2;2;4;5;1;5;class_II
4424;2;2;3;5;1;5;class_II
4425;2;2;3;5;1;5;class_II
4426;5;5;3;1;1;5;class_II
4427;5;5;3;1;1;5;class_II
4428;5;5;3;3;1;5;class_II
4429;5;5;3;3;1;5;class_II
4430;2;2;3;1;2;5;class_III
4431;2;2;3;1;2;5;class_III
4432;2;2;2;4;2;5;class_II
4433;2;2;2;4;2;5;class_II
4434;2;2;3;4;2;5;class_II
4435;2;2;3;4;2;5;class_II
4436;5;5;3;1;2;5;class_II
4437;5;5;3;1;2;5;class_II
4438;5;5;2;4;2;5;class_II
4439;5;5;2;4;2;5;class_II
4440;5;5;3;4;2;5;class_I
4441;5;5;3;4;2;5;class_I
4442;2;2;2;1;2;5;class_III
4443;2;2;2;1;2;5;class_III
4444;2;2;3;4;2;5;class_II
4445;2;2;3;4;2;5;class_II
4446;2;2;4;4;2;5;class_II
4447;2;2;4;4;2;5;class_II
4448;5;5;3;1;1;5;class_II
4449;5;5;3;1;1;5;class_II
4450;5;5;4;4;2;5;class_I
4451;5;5;4;4;2;5;class_I
4452;5;5;4;4;2;5;class_I
4453;5;5;4;4;2;5;class_I
4454;2;2;2;1;2;5;class_III
4455;2;2;2;1;2;5;class_III
4456;2;2;3;4;2;5;class_II
4457;2;2;3;4;2;5;class_II
4458;5;5;2;1;3;5;class_II
4459;5;5;2;1;3;5;class_II
4460;5;5;2;4;2;5;class_II
4461;5;5;2;4;2;5;class_II
4462;5;5;3;1;1;5;class_II
4463;5;5;3;1;1;5;class_II
4464;5;5;3;4;1;5;class_II
4465;5;5;3;4;1;5;class_II
4466;5;5;5;1;1;5;class_II
4467;5;5;5;1;1;5;class_II
4468;5;5;5;1;1;5;class_II
4469;5;5;5;1;1;5;class_II
4470;5;5;5;1;5;5;class_I
4471;5;5;5;1;5;5;class_I
4472;5;5;2;4;2;5;class_II
4473;5;5;2;4;2;5;class_II
4474;5;5;4;4;2;5;class_I
4475;5;5;4;4;2;5;class_I
4476;5;5;4;1;5;5;class_I
4477;5;5;4;1;5;5;class_I
4478;5;5;2;3;2;5;class_II
4479;5;5;2;3;2;5;class_II
4480;5;5;4;4;2;5;class_I
4481;5;5;4;4;2;5;class_I
4482;5;5;5;1;1;5;class_I
4483;5;5;5;1;1;5;class_I
4484;4;4;4;1;1;5;class_II
4485;4;4;4;1;1;5;class_II
4486;4;4;3;3;2;5;class_II
4487;4;4;3;3;2;5;class_II
4488;4;4;4;4;2;5;class_II
4489;4;4;4;4;2;5;class_II
4490;4;4;3;1;1;5;class_II
4491;4;4;3;1;1;5;class_II
4492;4;4;3;3;2;5;class_II
4493;4;4;3;3;2;5;class_II
4494;4;4;4;4;5;5;class_II
4495;4;4;4;4;5;5;class_II
4496;2;2;3;1;2;5;class_III
4497;2;2;3;1;2;5;class_III
4498;2;2;2;4;2;5;class_III
4499;2;2;2;4;2;5;class_III
4500;2;2;3;4;2;5;class_III
4501;2;2;3;4;2;5;class_III
4502;5;5;4;1;1;5;class_II
4503;5;5;4;1;1;5;class_II
4504;5;5;4;3;1;5;class_I
4505;5;5;4;3;1;5;class_I
4506;2;2;4;1;1;5;class_III
4507;2;2;4;1;1;5;class_III
4508;2;2;2;4;1;5;class_II
4509;2;2;2;4;1;5;class_II
4510;5;5;4;1;1;5;class_II
4511;5;5;4;1;1;5;class_II
4512;5;5;4;3;1;5;class_I
4513;5;5;4;3;1;5;class_I
4514;5;5;4;4;1;5;class_I
4515;5;5;4;4;1;5;class_I
4516;5;5;4;1;1;5;class_II
4517;5;5;4;1;1;5;class_II
4518;3;3;3;1;2;5;class_II
4519;3;3;3;1;2;5;class_II
4520;4;4;2;1;2;5;class_II
4521;4;4;2;1;2;5;class_II
4522;4;4;2;4;2;5;class_II
4523;4;4;2;4;2;5;class_II
4524;4;4;3;4;2;5;class_II
4525;4;4;3;4;2;5;class_II
4526;5;5;3;1;2;5;class_II
4527;5;5;3;1;2;5;class_II
4528;5;5;4;4;2;5;class_I
4529;5;5;4;4;2;5;class_I
4530;5;5;3;4;2;5;class_II
4531;5;5;3;4;2;5;class_II
Geo-1;4;4;1;1;1;1;class_IV
Geo-10;3;4;1;1;1;1;class_V
Geo-100;1;2;1;1;1;1;class_V
Geo-101;1;2;1;1;1;1;class_V
Geo-102;2;3;1;1;1;1;class_V
Geo-103;2;3;1;1;1;1;class_V
Geo-104;2;2;1;1;1;1;class_V
Geo-105;2;2;1;1;1;1;class_V
Geo-106;1;2;1;1;1;1;class_V
Geo-107;1;2;1;1;1;1;class_V
Geo-108;1;3;1;1;1;1;class_V
Geo-109;1;2;1;1;1;1;class_V
Geo-11;3;4;2;1;1;1;class_IV
Geo-110;1;2;1;1;1;1;class_V
Geo-111;1;2;1;1;1;1;class_V
Geo-113;1;2;1;1;1;1;class_V
Geo-114;1;2;1;1;1;1;class_V
Geo-115;2;3;1;1;1;1;class_V
Geo-116;1;2;1;1;1;1;class_V
Geo-117;2;3;1;1;1;1;class_V
Geo-118;3;4;1;1;1;1;class_V
Geo-119;1;2;1;1;1;1;class_V
Geo-12;2;3;1;1;1;1;class_V
Geo-120;1;2;1;1;1;1;class_V
Geo-121;2;3;1;1;1;1;class_V
Geo-123;2;3;1;1;1;1;class_V
Geo-124;1;2;1;1;1;1;class_V
Geo-125;2;3;1;1;1;1;class_V
Geo-126;2;3;1;1;1;1;class_V
Geo-127;4;4;1;1;1;1;class_IV
Geo-128;2;3;1;1;1;1;class_V
Geo-129;3;4;1;1;1;1;class_V
Geo-13;3;4;1;1;1;1;class_V
Geo-130;2;3;1;1;1;1;class_V
Geo-131;3;3;1;1;1;1;class_V
Geo-133;1;3;1;1;1;1;class_V
Geo-134;1;2;1;1;1;1;class_V
Geo-135;2;3;2;1;1;1;class_IV
Geo-136;1;2;1;1;1;1;class_V
Geo-137;3;4;1;1;1;1;class_V
Geo-138;2;3;1;1;1;1;class_V
Geo-139;4;4;1;1;1;1;class_IV
Geo-14;2;3;1;1;1;1;class_V
Geo-140;3;3;1;1;1;1;class_V
Geo-141;2;3;1;1;1;1;class_V
Geo-142;3;4;1;1;1;1;class_V
Geo-145;2;3;1;1;1;1;class_V
Geo-146;1;2;1;1;1;1;class_V
Geo-147;3;4;1;1;1;1;class_V
Geo-148;4;5;1;1;1;1;class_IV
Geo-149;4;5;1;1;1;1;class_IV
Geo-15;1;2;1;1;1;1;class_V
Geo-150;3;4;1;1;1;1;class_V
Geo-151;2;3;1;1;1;1;class_V
Geo-152;3;4;1;1;1;1;class_V
Geo-153;3;4;1;1;1;1;class_V
Geo-154;2;4;1;1;1;1;class_V
Geo-155;2;2;1;1;1;1;class_V
Geo-156;2;3;1;1;1;1;class_V
Geo-157;2;3;2;1;1;1;class_IV
Geo-158;5;5;4;1;1;1;class_III
Geo-159;5;5;4;1;1;1;class_III
Geo-16;2;3;1;1;1;1;class_V
Geo-160;1;2;1;1;1;1;class_V
Geo-161;3;2;1;1;1;1;class_V
Geo-163;2;3;2;1;1;1;class_IV
Geo-165;1;3;1;1;1;1;class_V
Geo-166;1;2;1;1;1;1;class_V
Geo-167;1;2;1;1;1;1;class_V
Geo-169;1;2;1;1;1;1;class_V
Geo-17;2;3;1;1;1;1;class_V
Geo-170;1;2;1;1;1;1;class_V
Geo-171;3;3;1;1;1;1;class_V
Geo-172;2;3;1;1;1;1;class_V
Geo-173;1;2;1;1;1;1;class_V
Geo-174;2;3;1;1;1;1;class_V
Geo-175;1;3;1;1;1;1;class_V
Geo-176;3;4;1;1;1;1;class_V
Geo-178;1;2;1;1;1;1;class_V
Geo-18;3;3;1;1;1;1;class_V
Geo-180;2;3;2;1;1;1;class_IV
Geo-182;4;5;1;1;1;1;class_IV
Geo-183;2;2;1;1;1;1;class_V
Geo-185;1;2;1;1;1;1;class_V
Geo-186;1;2;1;1;1;1;class_V
Geo-187;1;2;1;1;1;1;class_V
Geo-188;1;2;1;1;1;1;class_V
Geo-19;3;4;1;1;1;1;class_V
Geo-191;1;2;1;1;1;1;class_V
Geo-192;2;3;1;1;1;1;class_V
Geo-193;1;2;1;1;1;1;class_V
Geo-196;2;3;2;1;1;1;class_IV
Geo-197;1;2;1;1;1;1;class_V
Geo-198;3;4;1;1;1;1;class_V
Geo-199;1;2;1;1;1;1;class_V
Geo-2;3;4;2;1;1;1;class_IV
Geo-20;3;4;1;1;1;1;class_V
Geo-200;1;2;1;1;1;1;class_V
Geo-201;1;2;1;1;1;1;class_V
Geo-202;1;2;1;1;1;1;class_V
Geo-203;1;2;1;1;1;1;class_V
Geo-204;2;3;1;1;1;1;class_V
Geo-205;2;3;1;1;1;1;class_V
Geo-206;3;4;2;1;1;1;class_IV
Geo-207;2;3;1;1;1;1;class_V
Geo-208;3;4;1;1;1;1;class_V
Geo-209;3;4;1;1;1;1;class_V
Geo-21;4;4;1;1;1;1;class_IV
Geo-211;1;2;1;1;1;1;class_V
Geo-212;1;2;1;1;1;1;class_V
Geo-213;2;3;1;1;1;1;class_V
Geo-214;4;5;3;1;1;1;class_IV
Geo-215;2;2;1;1;1;1;class_V
Geo-216;2;3;1;1;1;1;class_V
Geo-217;2;3;1;1;1;1;class_V
Geo-22;4;4;1;1;1;1;class_IV
Geo-220;1;2;1;1;1;1;class_V
Geo-222;2;3;1;1;1;1;class_V
Geo-223;3;4;1;1;1;1;class_V
Geo-224;4;5;2;1;1;1;class_IV
Geo-226;4;5;1;1;1;1;class_IV
Geo-227;1;2;1;1;1;1;class_V
Geo-229;2;3;2;1;1;1;class_IV
Geo-23;2;3;1;1;1;1;class_V
Geo-230;1;2;1;1;1;1;class_V
Geo-231;1;2;1;1;1;1;class_V
Geo-232;1;2;1;1;1;1;class_V
Geo-233;1;2;1;1;1;1;class_V
Geo-234;1;2;1;1;1;1;class_V
Geo-235;1;2;1;1;1;1;class_V
Geo-236;1;2;1;1;1;1;class_V
Geo-237;1;2;1;1;1;1;class_V
Geo-238;3;3;1;1;2;1;class_V
Geo-239;3;3;1;1;5;1;class_IV
Geo-24;2;3;1;1;1;1;class_V
Geo-240;3;3;1;1;1;1;class_IV
Geo-241;5;5;1;1;2;1;class_IV
Geo-242;3;3;1;1;1;1;class_IV
Geo-243;2;3;1;1;1;1;class_V
Geo-244;3;3;1;1;1;1;class_V
Geo-245;2;3;1;1;3;1;class_V
Geo-246;2;3;1;1;3;1;class_V
Geo-247;2;3;1;1;2;1;class_V
Geo-248;2;3;1;1;1;1;class_V
Geo-249;3;4;1;1;1;1;class_V
Geo-25;2;4;1;1;2;1;class_IV
Geo-250;3;4;2;1;4;1;class_IV
Geo-251;4;4;2;1;1;1;class_IV
Geo-252;4;4;2;1;2;1;class_IV
Geo-253;2;2;1;1;5;1;class_IV
Geo-258;3;3;1;1;1;1;class_V
Geo-259;1;2;1;1;1;1;class_V
Geo-26;3;4;1;1;1;1;class_V
Geo-260;1;2;1;1;1;1;class_V
Geo-262;1;2;1;1;1;1;class_V
Geo-263;1;2;1;1;1;1;class_V
Geo-264;1;2;1;1;1;1;class_V
Geo-265;1;2;1;1;1;1;class_V
Geo-266;3;4;1;1;1;1;class_V
Geo-267;1;2;1;1;1;1;class_V
Geo-268;2;2;1;1;1;1;class_V
Geo-269;1;2;1;1;1;1;class_V
Geo-27;3;4;1;1;1;1;class_V
Geo-270;1;2;1;1;1;1;class_V
Geo-271;1;2;1;1;1;1;class_V
Geo-272;1;2;1;1;1;1;class_V
Geo-273;3;2;1;1;1;1;class_V
Geo-274;1;2;1;1;1;1;class_V
Geo-275;4;4;1;1;3;1;class_IV
Geo-276;1;2;1;1;1;1;class_V
Geo-277;4;4;1;1;1;1;class_IV
Geo-278;1;2;1;1;1;1;class_V
Geo-279;2;3;1;1;1;1;class_V
Geo-28;2;3;2;1;1;1;class_IV
Geo-280;2;3;1;1;1;1;class_V
Geo-281;2;2;1;1;1;1;class_V
Geo-282;2;2;1;1;1;1;class_V
Geo-289;1;2;1;1;1;1;class_V
Geo-29;3;4;2;1;1;1;class_IV
Geo-290;1;2;1;1;1;1;class_V
Geo-291;1;2;1;1;1;1;class_V
Geo-298;1;2;1;1;1;1;class_V
Geo-3;3;4;1;1;1;1;class_V
Geo-30;4;4;1;1;1;1;class_IV
Geo-301;1;2;1;1;1;1;class_V
Geo-302;1;2;1;1;1;1;class_V
Geo-303;1;2;1;1;1;1;class_V
Geo-307;1;2;1;1;1;1;class_V
Geo-308;1;2;1;1;1;1;class_V
Geo-309;1;2;1;1;1;1;class_V
Geo-31;2;3;1;1;1;1;class_V
Geo-310;1;2;1;1;1;1;class_V
Geo-312;1;2;1;1;1;1;class_V
Geo-314;1;2;1;1;1;1;class_V
Geo-315;1;2;1;1;1;1;class_V
Geo-316;1;2;1;1;1;1;class_V
Geo-317;1;2;1;1;1;1;class_V
Geo-318;5;3;1;1;2;1;class_IV
Geo-319;3;3;1;1;1;1;class_V
Geo-32;2;4;1;1;1;1;class_V
Geo-320;5;4;2;1;2;1;class_III
Geo-321;2;3;1;1;1;1;class_V
Geo-322;4;4;1;1;2;1;class_IV
Geo-323;1;2;1;1;1;1;class_V
Geo-324;4;4;1;1;1;1;class_IV
Geo-325;5;5;1;1;2;1;class_IV
Geo-326;1;2;1;1;1;1;class_V
Geo-327;1;2;1;1;1;1;class_V
Geo-330;1;2;1;1;1;1;class_V
Geo-331;1;1;1;1;1;1;class_V
Geo-332;1;1;1;1;1;1;class_V
Geo-333;3;2;1;1;1;1;class_V
Geo-334;1;2;1;1;1;1;class_V
Geo-335;1;2;1;1;1;1;class_V
Geo-336;1;2;1;1;1;1;class_V
Geo-339;1;2;1;1;1;1;class_V
Geo-34;1;2;1;1;1;1;class_V
Geo-340;1;2;1;1;1;1;class_V
Geo-341;2;3;1;1;1;1;class_V
Geo-342;3;3;1;1;1;1;class_V
Geo-343;1;2;1;1;1;1;class_V
Geo-344;1;2;1;1;1;1;class_V
Geo-345;1;2;1;1;1;1;class_V
Geo-346;1;2;1;1;1;1;class_V
Geo-347;2;2;1;1;1;1;class_V
Geo-348;1;2;1;1;1;1;class_V
Geo-349;1;2;1;1;1;1;class_V
Geo-35;4;4;2;1;2;1;class_III
Geo-350;3;3;1;1;1;1;class_V
Geo-351;1;2;1;1;1;1;class_V
Geo-352;1;2;1;1;1;1;class_V
Geo-353;1;2;1;1;1;1;class_V
Geo-354;1;2;1;1;1;1;class_V
Geo-355;3;3;1;1;1;1;class_IV
Geo-356;2;3;1;1;1;1;class_IV
Geo-357;1;2;1;1;1;1;class_V
Geo-358;1;2;1;1;1;1;class_V
Geo-359;1;2;1;1;1;1;class_V
Geo-36;3;4;1;1;1;1;class_V
Geo-360;1;2;1;1;1;1;class_V
Geo-361;1;2;1;1;1;1;class_V
Geo-362;1;2;1;1;1;1;class_V
Geo-363;2;2;1;1;1;1;class_V
Geo-364;1;2;1;1;1;1;class_V
Geo-365;1;2;1;1;1;1;class_V
Geo-366;3;3;1;1;1;1;class_V
Geo-367;4;4;1;1;1;1;class_IV
Geo-368;4;4;1;1;1;1;class_IV
Geo-369;5;5;1;1;1;1;class_IV
Geo-37;2;3;1;1;1;1;class_V
Geo-370;1;2;1;1;1;1;class_V
Geo-371;1;2;1;1;1;1;class_V
Geo-372;1;2;1;1;1;1;class_V
Geo-373;2;3;1;1;1;1;class_IV
Geo-374;1;2;1;1;1;1;class_V
Geo-377;1;1;1;1;1;1;class_V
Geo-38;4;4;2;1;1;1;class_IV
Geo-380;1;2;1;1;1;1;class_V
Geo-381;1;2;1;1;1;1;class_V
Geo-39;1;2;1;1;1;1;class_V
Geo-4;3;4;2;1;1;1;class_IV
Geo-40;1;2;1;1;1;1;class_V
Geo-41;1;2;1;1;1;1;class_V
Geo-42;1;2;1;1;1;1;class_V
Geo-43;2;3;1;1;1;1;class_V
Geo-44;1;2;1;1;1;1;class_V
Geo-45;1;2;1;1;1;1;class_V
Geo-46;1;2;1;1;1;1;class_V
Geo-47;3;3;1;1;1;1;class_V
Geo-48;3;4;1;1;1;1;class_V
Geo-49;2;3;1;1;1;1;class_V
Geo-5;3;4;1;1;1;1;class_V
Geo-50;2;3;1;1;1;1;class_V
Geo-51;1;2;1;1;1;1;class_V
Geo-52;1;2;1;1;1;1;class_V
Geo-53;3;4;1;1;1;1;class_V
Geo-54;2;3;1;1;1;1;class_V
Geo-55;2;3;1;1;1;1;class_V
Geo-56;1;2;1;1;1;1;class_V
Geo-57;1;2;1;1;1;1;class_V
Geo-58;2;3;1;1;1;1;class_V
Geo-59;2;3;1;1;1;1;class_V
Geo-6;5;4;3;1;1;1;class_III
Geo-60;2;3;1;1;1;1;class_V
Geo-61;3;4;1;1;1;1;class_V
Geo-62;2;3;1;1;1;1;class_V
Geo-63;1;2;1;1;1;1;class_V
Geo-64;2;3;1;1;1;1;class_V
Geo-65;1;2;1;1;1;1;class_V
Geo-66;4;4;2;1;1;1;class_IV
Geo-67;3;4;1;1;1;1;class_V
Geo-68;4;4;1;1;1;1;class_IV
Geo-69;3;4;1;1;1;1;class_V
Geo-7;3;4;2;1;1;1;class_IV
Geo-70;3;4;1;1;1;1;class_V
Geo-71;2;3;1;1;1;1;class_V
Geo-72;3;3;1;1;1;1;class_V
Geo-73;3;4;1;1;1;1;class_V
Geo-74;1;2;1;1;1;1;class_V
Geo-75;3;4;1;1;1;1;class_V
Geo-76;3;3;1;1;1;1;class_V
Geo-77;2;3;1;1;1;1;class_V
Geo-78;1;2;1;1;1;1;class_V
Geo-79;2;3;1;1;1;1;class_V
Geo-8;2;3;1;1;1;1;class_V
Geo-80;1;2;1;1;1;1;class_V
Geo-82;2;2;1;1;1;1;class_V
Geo-83;1;2;1;1;1;1;class_V
Geo-84;1;2;1;1;1;1;class_V
Geo-85;2;2;1;1;1;1;class_V
Geo-86;1;2;1;1;1;1;class_V
Geo-87;2;2;1;1;1;1;class_V
Geo-88;1;2;1;1;1;1;class_V
Geo-89;2;3;1;1;1;1;class_V
Geo-9;3;4;1;1;1;1;class_V
Geo-90;1;2;1;1;1;1;class_V
Geo-91;2;3;1;1;1;1;class_V
Geo-92;2;3;1;1;1;1;class_V
Geo-93;2;2;1;1;1;1;class_V
Geo-94;1;2;1;1;1;1;class_V
Geo-95;2;3;1;1;1;1;class_V
Geo-96;1;2;1;1;1;1;class_V
Geo-97;1;2;1;1;1;1;class_V
Geo-98;1;2;1;1;1;1;class_V
Geo-99;1;2;1;1;1;1;class_V
